微博地址,发布时间,微博内容,点赞数,评论数,转发数,评论
https://m.weibo.cn/status/K2tXk93Sw?mblogid=K2tXk93Sw&luicode=10000011&lfid=1076036512266446,Thu Feb 18 11:45:11 +0800 2021,开工第一天，恰逢#雨水#。祝大家#开工大吉#，财源如雨降~ 贝壳找房的微博视频,14,6,6,[]
https://m.weibo.cn/status/K1s3TDHj7?mblogid=K1s3TDHj7&luicode=10000011&lfid=1076036512266446,Thu Feb 11 17:05:36 +0800 2021,#天津卫视德云社相声春晚# 欧气满满的#德云锦鲤# 诞生啦！精装修商品房、门票、周边…你🍋了吗？,8,5,5,"['吸吸欧气！厉害了！', '🐮', '欧皇啊', '这位女士北京还离着近']"
https://m.weibo.cn/status/K1porimmB?mblogid=K1porimmB&luicode=10000011&lfid=1076036512266446,Thu Feb 11 10:17:57 +0800 2021,黄轩 贝壳品牌代言人@黄轩的微博 给大家拜年啦！祝各位在新的一年里，平安喜乐，万事如意！关注@贝壳找房 ，转发此条微博，2月17日@微博抽奖平台 选5位粉丝送【贝壳雏菊丝巾】~ 贝壳找房的微博视频 抽奖详情,734,114,1196,"['祝小贝壳和代言人新年快乐越来越好！', '祝贝壳，贝壳代言人新年快乐！🎉🎆🎊@黄轩的微博', '正在看房子的轩粉火速赶来试试手气～', '#黄轩代言贝壳找房# 祝我们贝壳和贝壳代言人也新年快乐啊', '祝轩儿新年快乐！', '我们轩哥呀，新年快乐', '轩宝新年快乐贝壳新年快乐', '贝壳带给你更温暖的家！', '贝壳找房', '祝贝壳找房和黄轩都新春快乐🎆@黄轩的微博', '新年快乐', '新年快乐', '祝愿国泰民安[福到了]人人安居乐业[暖暖的]', '#黄轩代言贝壳找房# 祝小贝壳🐚和轩儿哥哥新春快乐，牛气冲天', '昨晚满屏的贝壳和大轩']"
https://m.weibo.cn/status/K1kkaAQcm?mblogid=K1kkaAQcm&luicode=10000011&lfid=1076036512266446,Wed Feb 10 21:23:43 +0800 2021,#天津卫视相声春晚# 德云社相声春晚后台曝光！今晚你最喜欢和期待谁的节目？关注@贝壳找房 ，转发此条微博，2月16日@微博抽奖平台 选2位粉丝送签名照！ 贝壳找房的微博视频 抽奖详情,1891,325,278,"['秦霄贤啊@秦霄贤', '#天津卫视德云社相声春晚# 新年到，齐欢笑!小秦@秦霄贤 的祝福马上到。大年二十九锁定天津卫视，19:30准时接收祝福和欢乐吧！赶在三十之前，讨您开怀笑颜。一切新年祝福都在节目中，记得看呦~', '鞭炮叫，烟花啸，喜气盈溢神色俏。大年二十九，和@秦霄贤一起在天津卫视辞旧年，迎新春。#秦霄贤天津卫视德云社相声春晚#期待全能小秦的相声和歌舞等多个节目吧！一起迎接新的一年吧！❤️❤️❤️', '鞭炮齐响过大年，家家团圆开心颜。围坐一团看着@秦霄贤 在天津春晚精彩的表现，聊着生活里的趣事，高高兴兴开启新一年的篇章，不也是人生一大快事嘛💝💝', '小秦@秦霄贤', '秦霄贤@秦霄贤', '小秦@秦霄贤', '新春佳节到，有趣节目多。纠结看谁好，锁定秦霄贤。一起期待年二十九#秦霄贤天津卫视德云社相声春晚#！老秦@秦霄贤 可乐的群口相声、好听的流行歌曲以及帅气的男团舞，伴您辞旧迎新过大年！', '秦霄贤呀@秦霄贤', '秦霄贤@秦霄贤', '新春佳节到，有趣节目多。纠结看谁好，锁定秦霄贤。一起期待年二十九#秦霄贤天津卫视德云社相声春晚#！老秦@秦霄贤 可乐的群口相声、好听的流行歌曲以及帅气的男团舞，伴您辞旧迎新过大年！', '当然是秦霄贤哇@秦霄贤', '最期待小秦的《空白格》呀@秦霄贤', '新春佳节到，有趣节目多。纠结看谁好，锁定秦霄贤。一起期待年二十九#秦霄贤天津卫视德云社相声春晚#！老秦@秦霄贤 可乐的群口相声、好听的流行歌曲以及帅气的男团舞，伴您辞旧迎新过大年！', '新春佳节到，有趣节目多。纠结看谁好，锁定秦霄贤。一起期待年二十九#秦霄贤天津卫视德云社相声春晚#！老秦@秦霄贤 可乐的群口相声、好听的流行歌曲以及帅气的男团舞，伴您辞旧迎新过大年！']"
https://m.weibo.cn/status/K1hancKv8?mblogid=K1hancKv8&luicode=10000011&lfid=1076036512266446,Wed Feb 10 13:21:20 +0800 2021,#天津卫视德云社相声春晚# #相声春晚节目单#来了，一键解锁超强阵容，众星云集带来欢笑盛宴！还有七大欢笑豪礼等你来拿——22:00准时秒杀一套带装修的锦鲤房哦~,850,129,60,"['秦霄贤@秦霄贤', '期待秦霄贤@秦霄贤', '用开心除一年烦恼杂音，拿快乐织一片喜庆空气，把亲情围一桌团缘盛餐，最红是除夕大灯笼，最美是除夕夜的景，最乐是相声春晚，大年二十九#秦霄贤天津卫视德云社相声春晚# 和@秦霄贤 一起迎新年', '辞旧迎新过年来，新春节目永不断。大年二十九，锁定#天津卫视德云社相声春晚# 和@秦霄贤 一起着开开心心过大年', '#天津卫视德云社相声春晚# 新年到，齐欢笑!小秦@秦霄贤 的祝福马上到。锁定天津卫视，19:30准时接收祝福和欢乐吧！赶在三十之前，讨您开怀笑颜。一切新年祝福都在节目中，记得看呦~', '开开心心过大年，小秦陪你迎新春，大年二十九 #秦霄贤天津卫视德云社相声春晚# 精彩多多，相声演员@秦霄贤 为你带来群口相声、动听歌曲以及德云团舞，陪你一起迎新春过大年！', '迎新春，辞旧年， @秦霄贤 陪你度新年 相约在大年29日天津卫视 欢欢喜喜过新年', '秦霄贤@秦霄贤', '和杨九郎@杨九郎L 一起开开心心过大年', '期待杨九郎哇！', '期待杨九郎呀@杨九郎L', '和杨九郎一起过大年@杨九郎L', '和@杨九郎L 一起过年咯', '杨九郎@杨九郎L', '和羊羊子一起开心过年叭@杨九郎L']"
https://m.weibo.cn/status/K1gCWk3sb?mblogid=K1gCWk3sb&luicode=10000011&lfid=1076036512266446,Wed Feb 10 11:58:57 +0800 2021,天津卫视德云社#相声春晚节目单#来了，一键解锁超强阵容，众星云集带来欢笑盛宴！听说参加#德云男团花式拜年挑战#还有好礼拿！快来参加吧,1414,122,77,"['辞旧迎新过年啦 大年二十九让我们一起相约在天津卫视的德云社相声春晚 让我们一起期待@秦霄贤 给我们带来的精彩表演 让我们一起期待新的一年 一起期待有秦霄贤的新年吧 网页链接', '用开心除一年烦恼杂音，拿快乐织一片喜庆空气，把亲情围一桌团缘盛餐，最红是除夕大灯笼，最美是除夕夜的景，最乐是相声春晚，大年二十九#秦霄贤天津卫视德云社相声春晚# 和@秦霄贤 一起迎新年', '用开心除一年烦恼杂音，拿快乐织一片喜庆空气，把亲情围一桌团缘盛餐，最红是除夕大灯笼，最美是除夕夜的景，最乐是相声春晚，大年二十九#秦霄贤天津卫视德云社相声春晚# 和@秦霄贤 一起迎新年', '新春佳节到，有趣节目多。纠结看谁好，锁定秦霄贤。一起期待年二十九#秦霄贤天津卫视德云社相声春晚#！老秦@秦霄贤 可乐的群口相声、好听的流行歌曲以及帅气的男团舞，伴您辞旧迎新过大年！ 网页链接', '期待秦霄贤！@秦霄贤', '辞旧迎新过年来，新春节目永不断。大年二十九，锁定#天津卫视德云社相声春晚# 和@秦霄贤 一起着开开心心过大年 网页链接', '用开心除一年烦恼杂音，拿快乐织一片喜庆空气，把亲情围一桌团缘盛餐，最红是除夕大灯笼，最美是除夕夜的景，最乐是相声春晚，大年二十九#秦霄贤天津卫视德云社相声春晚# 和@秦霄贤 一起迎新年 网页链接', '#秦霄贤天津卫视德云社相声春晚# 嗨翻春晚，小秦@秦霄贤 献唱跳。惊喜开场，《相由心生》。相声春晚，享视听盛宴。来听《立规矩》，规矩刻心间。逗得众生笑颜，赢得满堂喝彩。以笑开新年，好运伴牛年。', '期待秦霄贤！@秦霄贤 网页链接', '期待秦霄贤宝贝@秦霄贤 网页链接', '来啦来啦，期待@秦霄贤', '和秦霄贤一起开心过年啦@秦霄贤 网页链接', '相声演员，实力献唱，劲爆舞台，绝妙歌声，大年二十九#秦霄贤天津卫视德云社相声春晚# 尽情期待，@秦霄贤 陪你喜迎新春 网页链接', '#天津卫视德云社相声春晚# 新年到，齐欢笑!小秦@秦霄贤 的祝福马上到。大年二十九锁定天津卫视，19:30准时接收祝福和欢乐吧！赶在三十之前，讨您开怀笑颜。一切新年祝福都在节目中，记得看呦~', '继往开来迎新岁，举金杯春满万户；与时俱进贺丰年，传笑语喜盈千家。大年二十九，锁定#秦霄贤天津卫视德云社相声春晚#，和@秦霄贤 一起迎新年。']"
https://m.weibo.cn/status/K0XW8oT6e?mblogid=K0XW8oT6e&luicode=10000011&lfid=1076036512266446,Mon Feb 08 12:24:03 +0800 2021,#顾家年 享家趣#定制春节居家配方！新年有家趣，混搭出奇趣。有你在的地方，便是家。关注@贝壳找房 Pick@顾家家居 转评本博，2月13日不过滤抽3位粉丝平分【300元JD卡】红包，给你家的年货配起来~ @微博抽奖平台 抽奖详情,58,200,4305,"['#春节# 快落', '：#顾家年 享家趣#', '#想家 想吃什么#', '#顾家年 享家趣#', '#顾家年 享家趣#', '转发微博', '@顾家家居', '转发微博', 'Hi，我已将你的微博收录到新鲜事 不过滤博主大概率中奖合集 ，微博会被推荐给更多用户（什么是新鲜事收录？）。如不希望微博下出现新鲜事标签，请戳 删除标签说明', '拉低中奖率', '冲！', '', '转发微博', '用贝壳找房，选顾家家居！', '#顾家年 享家趣#有你在的地方，便是家。']"
https://m.weibo.cn/status/K0FBXsp5T?mblogid=K0FBXsp5T&luicode=10000011&lfid=1076036512266446,Sat Feb 06 13:44:54 +0800 2021,祝你早日遇到那个有缘人呀~送你一份【贝壳雏菊丝巾】，陪你度过那些孤独的时刻,3,1,3,[]
https://m.weibo.cn/status/K0Eg0jCVu?mblogid=K0Eg0jCVu&luicode=10000011&lfid=1076036512266446,Sat Feb 06 10:18:05 +0800 2021,有贝壳的陪伴，你不是一个人//@明晨:#哪一刻很想有个家# 2020“有个家”的念头，都是些记忆碎片：一个人逛街，一个人搬家，一个人看《送你一朵小红花》，一个人吃不下海底捞套餐，一个人去大理、千岛湖旅行，一个人去崇礼滑雪；有烦心事儿胡思乱想失眠的那一晚，伤风感冒咳嗽不止的那一天。,7,4,2,['店大欺客，公司只会越做越差！']
https://m.weibo.cn/status/K0E6GlJSL?mblogid=K0E6GlJSL&luicode=10000011&lfid=1076036512266446,Sat Feb 06 09:55:06 +0800 2021,为每一个在外拼搏的人点赞没有饺子，但我可以送你一份【贝壳冻干即溶乌龙咖啡】！,4,3,1,"['来一杯', '']"
https://m.weibo.cn/status/K0v2lc4c5?mblogid=K0v2lc4c5&luicode=10000011&lfid=1076036512266446,Fri Feb 05 10:49:41 +0800 2021,生活持续不断地给你出难题，又是什么给了你笃定前行的底气？一个温暖舒适的家，还是那个等你回家的人？带话题#哪一刻很想有个家#转发此条微博，分享一件关于家最难忘的事，2月12日@微博抽奖平台 抽5位幸运鹅送价值198元的【冻干即溶乌龙咖啡+笔盒套装】。贝壳找房的秒拍视频 抽奖详情,411,258,368,"['#哪一刻很想有个家#生活总是一波未平，一波又起，支撑不断的前行的底气何来？深夜家中的那盏灯，还是那个期盼的眼神？新的一年#上贝壳新春购新房#，给自己一个安心的角落！无论在哪，房子的事，交给贝壳~', '#哪一刻很想有个家# 当我拥有最独立的人格，成为了当下自我定义中更好的我，可以给予更多爱和力量的时候。', '#哪一刻很想有个家# 全家人一起说说笑笑，吃着饭，看着电视。最平常的也就是最难忘的。', '#哪一刻很想有个家#家是港湾，是避风港，是累了时最想回到的地方！无论在哪，房子的事，交给贝壳~帮你找到理想的家～', '#哪一刻很想有个家# 小伙伴们都来说一说', '#哪一刻很想有个家# 烟花升起，万家灯火，家里饭香四溢，一家人牵手出行，就想家的感觉真好吧', '#哪一刻很想有个家# 刚结婚时，单位离家很远，有一次下了好大的雪，路面结冰，顶风冒雪骑了一个多小时才到家。尽管非常狼狈，也不愿在集体宿舍将就一下，因为宿舍没有家的温暖。', '#哪一刻很想有个家# 一家人坐一起吃饭看电视，八卦的时候最幸福！赶紧放假吧，赶紧让我回家吃饭吧，2500公里，真的太难回家了', '#哪一刻很想有个家#刚回到石家庄，住在塔谈的小单间，还没觉得必须要买房。直到认识了媳妇。才知道拥有自己的房子，可以不用搬家，可以自己装修，可以买喜欢的家具家电。再到2016年，我们买了一套六层的顶楼，虽然老旧，小区环境也不好。可是，我们有了自己真正的家！@贝壳找房', '#哪一刻很想有个家#', '#哪一刻很想有个家# 在外地打工的时候', '', '转发微博', '#哪一刻很想有个家# 难忘的记忆是家的味道。 家人做的饭菜是在漂泊在外最思念的味道。 是记忆中最独特的味道。 对家的牵挂依然是忘不掉的味道。', '#哪一刻很想有个家#']"
https://m.weibo.cn/status/K0uIhuCUu?mblogid=K0uIhuCUu&luicode=10000011&lfid=1076036512266446,Fri Feb 05 10:00:17 +0800 2021,#哪一刻很想有个家#充满不确定的一年，家是我们确定的答案，贝壳新春大片《家的回答》，来自真实合同背后的换房故事，2月5日温暖呈现。为每一个你，找更好的家。PS：很适合和家人一起观看哦~ 为每一个你 找更好的家,30265,5623,5834,"['#黄轩代言贝壳找房# 愿所有的你都能有个温馨的家', '黄先生的话外音好舒服好治愈', '我也想回家', '温暖', '好温暖', '#哪一刻很想有个家#今年，我们都辛苦了不确定的一年，总有确定的答案。 那些困扰人们的难题终会随着时间被淡忘。重要的是，我们都有直面困难的勇气。而家，就是最有力的支撑。为每一个你，找更好的家！', '看哭啦(´;︵;`)2021我们会更好的，家也会更好的', '阿轩声音真好听', '#黄轩代言贝壳找房# 与贝壳找房代言人黄轩一起迎接新的一年@黄轩的微博', '#哪一刻很想有个家# 为每一个你，找更好的家', '温暖，治愈', '人情味，家的味', '谁不想有个家呢', '黄轩的声音真好听', '#黄轩代言贝壳找房# 愿在外奔波的你早日归家']"
https://m.weibo.cn/status/K0mzOzWnq?mblogid=K0mzOzWnq&luicode=10000011&lfid=1076036512266446,Thu Feb 04 13:17:26 +0800 2021,天津卫视德云社#相声春晚海报#上线，德云男团欢笑贺新年。每个人都有属于自己欢笑表情，你自己的或见过的别人的最欢乐的表情是什么样的？拿来一起参与#德云男团欢笑表情挑战#吧！,215,35,19,"['期待杨九郎@杨九郎L 网页链接', '那就期待杨九郎吧@杨九郎L 网页链接', '期待杨九郎呀@杨九郎L 网页链接', '期待杨九郎@杨九郎L', '大年二十九看@孟鹤堂 啦 网页链接', '期待孟鹤堂呀@孟鹤堂 网页链接', '期待杨九郎 网页链接', '最欢乐的表情就是@孟鹤堂 的爽朗大笑，超级有感染力。 网页链接', '@孟鹤堂 快笑一个给大家看 网页链接', '一起来看杨九郎，笑出苹果肌🍎 网页链接', '期待孟鹤堂@孟鹤堂 网页链接', '超喜欢杨九郎@杨九郎L 网页链接', '孟鹤堂@孟鹤堂', '大年二十九，看天津卫视相声春晚，期待@孟鹤堂', '孟鹤堂 网页链接']"
https://m.weibo.cn/status/K0bF1vEPq?mblogid=K0bF1vEPq&luicode=10000011&lfid=1076036512266446,Wed Feb 03 09:30:03 +0800 2021,#立春# 一年之计在于春，让我们一起迎接春光吧~ 贝壳找房的微博视频,53,33,22,"['立春快乐', '新一年要努力。']"
https://m.weibo.cn/status/JF8tjconE?mblogid=JF8tjconE&luicode=10000011&lfid=1076036512266446,Wed Jan 27 18:01:06 +0800 2021,你实现欢笑自由了吗？大年二十九，看#天津卫视德云社相声春晚# 召唤【#德云锦鲤#】！独享8大欢笑豪礼：大额现金红包、德云社演出套票及独家周边、一套带装修商品房……详情戳下图！2月10日，独宠一身的德云锦鲤，看相声春晚秒获房，会是你吗,985,107,57,"['芜湖～第一个来报道，当然是期待秦霄贤啦！ 网页链接', '辞旧迎新过年来，新春节目永不断。大年二十九，锁定#天津卫视德云社相声春晚# 和@秦霄贤 一起着开开心心过大年看#秦霄贤天津卫视德云社春晚# 做德云锦鲤@秦霄贤 网页链接', '期待心心念念的秦霄贤！@秦霄贤 网页链接', '会是我吗@秦霄贤 网页链接', '@秦霄贤 秦锦鲤保佑我 网页链接', '小秦就是我的锦鲤@秦霄贤 网页链接', '期待小秦呀@秦霄贤', '迎新春，辞旧年， @秦霄贤 陪你度新年 相约在大年29日天津卫视 欢欢喜喜过新年', '大年二十九看#天津卫视德云社相声春晚# 小秦的精彩表现欢乐不断 好运连连 网页链接', '@秦霄贤 小秦保佑我！', '秦霄贤就是锦鲤吖 网页链接', '我的秦锦鲤@秦霄贤', '有@秦霄贤 就有欢笑呀，希望我能当锦鲤 网页链接', '小秦秦锦鲤保佑我呀@秦霄贤 网页链接', '老秦保佑我成为锦鲤@秦霄贤 网页链接']"
https://m.weibo.cn/status/JF7PCjNiu?mblogid=JF7PCjNiu&luicode=10000011&lfid=1076036512266446,Wed Jan 27 16:23:19 +0800 2021,#上贝壳新春购新房#无论在哪，房子的事交给贝壳就好,18,14,3,['买房的事情，交给贝壳！']
https://m.weibo.cn/status/JF6ObgArJ?mblogid=JF6ObgArJ&luicode=10000011&lfid=1076036512266446,Wed Jan 27 13:47:03 +0800 2021,#德云锦鲤#红鲤鱼、绿鲤鱼、红绿鲤鱼、花鲤鱼，这些都不是我们要找的鲤鱼，#天津卫视德云社相声春晚#要找的是“德云锦鲤”，来来来，快到盘里来！大年二十九（2月10日）看相声春晚，就有机会0元秒获房！关注@贝壳找房 ，转发本条微博，2月3日@微博抽奖平台 选2位粉丝送签名照！ 贝壳找房的微博视频 抽奖详情,258,443,120,"['哇哦 秦霄贤@秦霄贤', '广告都读不好，栾总家法伺候', '#贝壳深圳站#', '你好，你感兴趣的“德云锦鲤”已开通了超话社区～ 超话社区是微博旗下兴趣互动社区，快来与志同道合的小伙伴们一起交流互动吧！ 戳我进入>> 德云锦鲤', '你好，你感兴趣的“德云锦鲤”已开通了超话社区～ 超话社区是微博旗下兴趣互动社区，快来与志同道合的小伙伴们一起交流互动吧！ 戳我进入>> 德云锦鲤', '锦鲤小秦保佑我@秦霄贤 ( ๑ˊ•̥▵•)੭₎₎', '0元获住房我就不奢望了 老秦的签名照我可以排队领一下吗', '我来啦，大爱秦霄贤', '我要做锦鲤！@孟鹤堂', '哇', '', '房子我就不奢望了，签名照可以安排一下子不', '这行', '帅', '来了！！']"
https://m.weibo.cn/status/JExZBmNKf?mblogid=JExZBmNKf&luicode=10000011&lfid=1076036512266446,Sat Jan 23 21:09:03 +0800 2021,#95后认为租房结婚没安全感##独立女性该不该收彩礼# 拒绝租房结婚，不只是90后独居青年这么想！贝壳研究院最新调查显示，54%左右的受访者拒绝租房结婚，从年龄来看，80后到95后做出这一选择的比例依次递增，其中95后的占比达60.1%，这说明越年轻的群体越难接受租房结婚。同时，过半受访者认为，“不管谁出钱，房产证上都要写上夫妻双方的姓名”。 贝壳找房的微博视频,33,13,9,['房子不是自己的房东要收你会很被动，又不能随意改装，但是如果本身没钱买那也没办法，谁让房子那么贵，但是你已经很爱对方也知道你们俩有不有能力买房，那就不要因为租房还是买房的理由决定要不要结婚。']
https://m.weibo.cn/status/JElXteYOp?mblogid=JElXteYOp&luicode=10000011&lfid=1076036512266446,Fri Jan 22 14:30:50 +0800 2021,买房攻略第一步，从了解政策风向开始。贝壳研究院教你一图读懂#北上深房地产调控措施对比#👇,4,8,4,['房产干货']
https://m.weibo.cn/status/JEkMAz06U?mblogid=JEkMAz06U&luicode=10000011&lfid=1076036512266446,Fri Jan 22 11:31:16 +0800 2021,租房结婚，你怎么看？,2,2,3,['安全是房子给的吗？']
https://m.weibo.cn/status/JDVlReJhk?mblogid=JDVlReJhk&luicode=10000011&lfid=1076036512266446,Tue Jan 19 18:46:44 +0800 2021,锁定#天津卫视德云社相声春晚#，在家热热闹闹过新年~,267,74,73,"['期待杨九郎@杨九郎L 网页链接', '小班长和周九良一起过年啦！@周九良', '积极营业周九良😺一语致死周九良😺三弦少年周九良😸曲艺骑兵周九良😸温柔谦逊周九良😸有棱有角周九良😸可盐可甜周九良🐈', '三弦少年，一身书生意气，拱手执扇立于台前。快板，挥斥方遒，鸳鸯板，手到擒来。单弦大鼓无一不精。清醒通透相声演员小先生@周九良 网页链接', '周九良 网页链接', '呦吼！他来喽！//@贝壳找房:锁定#天津卫视德云社相声春晚#，在家热热闹闹过新年~', '九良九良！期待周九良！@周九良', '期待周九良！@周九良', '杨九郎！杨九郎！期待杨九郎！', '期待周九良@周九良 网页链接', '期待杨九郎 网页链接', '期待孟鹤堂 网页链接', '期待杨九郎@杨九郎L 网页链接', '期待杨九郎@杨九郎L 网页链接', '期待多才多艺，每次都给我们带来惊喜的小先生@周九良']"
https://m.weibo.cn/status/JDkt15g5t?mblogid=JDkt15g5t&luicode=10000011&lfid=1076036512266446,Fri Jan 15 20:52:45 +0800 2021,居住服务业首个1+X职业技能等级证书正式落地！这个证书有什么用？面向哪些群体？一图带你了解所有知识点,5,3,2,"['奇葩说那个贝壳小哥微博号是多少', '在？送点贝壳币']"
https://m.weibo.cn/status/JCPpc8bVR?mblogid=JCPpc8bVR&luicode=10000011&lfid=1076036512266446,Tue Jan 12 13:48:11 +0800 2021,贝壳愿陪伴更多人做“时间的朋友”，让更多人在数字化的社会生活中享受科技成果。,2,4,3,['感谢积极响应倡议，期待携手让更多人享受科技成果。']
https://m.weibo.cn/status/JCfcTezIR?mblogid=JCfcTezIR&luicode=10000011&lfid=1076036512266446,Fri Jan 08 17:38:59 +0800 2021,快跟@贝壳找房 和国潮个护品牌@ZHIBAI直白 一起到#太空美发馆#打造新年新发型啦～让来自太空的潮酷“直白风”吹出好彩 “头”，牛气2021！即刻起，pick@ZHIBAI直白 及@贝壳找房 ，转发评论本博，@微博抽奖平台 随机揪三位送奖品～～宠粉儿就是这么直白！1.13抽1人送价值285元【兰蔻柔雾哑光唇膏（色号196）】1.14抽1人送价值109元【阿芙护发精油1瓶】1.15抽1人送价值2499元【直白 X 中国航天•太空创想联名定制款吹风机1台】 抽奖详情,82,239,278,"['能不能给我发点贝壳币', '哇偶 谁年前不搞波新发型呢？', 'ok', 'pick me', '#太空美发馆#奔个好彩头', '该换吹风机了', '支持', '啦啦啦啦', '转发微博', '北京实在太干了，需要唇膏解救我！', '是我吗', '转发攒福气', '转发微博', '👍🏻', '#太空美发馆# 吹风机爱了']"
https://m.weibo.cn/status/JC4DW5Ufr?mblogid=JC4DW5Ufr&luicode=10000011&lfid=1076036512266446,Thu Jan 07 14:45:23 +0800 2021,【#15个新一线城市房价皆过万#：杭州最高，长沙最便宜】贝壳研究院数据显示，15个新一线城市中，有6个城市单价超过2万元/平方米，有2个城市超过了3万元/平方米，分别是杭州和南京，均为经济大省的省会。其中，2020年10月均价还低于南京的杭州，2个月后均价超越了南京，以33862元/平方米位居新一线城市榜首。2019年长沙城镇居民人均收入达55211元，位居中西部第一，超过了济南、福州等沿海省会城市。但在房价方面，长沙在中西部地区所有城市中仅位居第17，位居芜湖、拉萨、呼和浩特、太原等城市之后。15个新一线城市房价皆过万：杭州最高，长沙最便宜,6,10,6,[]
https://m.weibo.cn/status/JB3itaCXw?mblogid=JB3itaCXw&luicode=10000011&lfid=1076036512266446,Thu Dec 31 21:29:28 +0800 2020,跨年不出门的朋友，可以和我一样宅在家看#奇葩说# 贝壳找房的微博视频,9,8,5,[]
https://m.weibo.cn/status/JB1Yk6OB2?mblogid=JB1Yk6OB2&luicode=10000011&lfid=1076036512266446,Thu Dec 31 18:07:05 +0800 2020,恭喜@龙潭湖边的小白 等5名用户获得【贝壳吉祥物盲盒】。微博官方唯一抽奖工具@微博抽奖平台 -中级版对本次抽奖进行监督，结果公正有效。公示链接：微博抽奖平台,3,5,2,"['羡慕', '贝壳能不能别在泄漏用户信息了', '发布虚假房源有意思吗？', '我卖完的房子一直不给我下架，是什么意思？']"
https://m.weibo.cn/status/JAT5VeYHq?mblogid=JAT5VeYHq&luicode=10000011&lfid=1076036512266446,Wed Dec 30 19:31:04 +0800 2020,动动手指不用跑，好房都在贝壳找,8,11,8,"['顶一个', '排面！', '就你最秀，珠海贝系打卡']"
https://m.weibo.cn/status/JASATvhoM?mblogid=JASATvhoM&luicode=10000011&lfid=1076036512266446,Wed Dec 30 18:14:39 +0800 2020,#跨过2020这道坎 往后只有小龙坎# 听说，小伙伴龙龙准备跨坎了？有了我@贝壳找房 的帮忙，2020跨找房坎不在话下！跨过找房坎，归家享温暖，2021准备好开挂吧~转发+评论本条微博，@微博抽奖平台 1.6日抽4位#跨坎人#送热辣食品组合包一份！ 抽奖详情,68,277,232,"['还有一天就跨年', '买房就找贝壳找房', '希望2021能跨过一个又一个坎儿#跨坎人#', '', '', '#跨过2020这道坎 往后只有小龙坎# 期待', '', '不求大富大贵，只求岁月静好', '', '#跨过2020这道坎 往后只有小龙坎#', '我来啦～ 👍🀄️ 🀄️奖🀄️！ 👍🀄️ 👍支持转发了', '馋', '跨过这道坎 还有小龙坎#跨坎人#', '666', '']"
https://m.weibo.cn/status/JAxu2jSVt?mblogid=JAxu2jSVt&luicode=10000011&lfid=1076036512266446,Mon Dec 28 12:30:03 +0800 2020,#快乐发动就现在#这个生日，换一种方式来庆祝吧！贝壳来加码祝国美生日快乐！pick@国美 @贝壳找房 带话题转发本博，留下祝福，1月5日，@微博抽奖平台 揪3名小可爱平分【价值300元的美通卡】，让我们来一起发动快乐吧！ （图片版权归国美所有） 抽奖详情,36,97,321,"['#快乐发动就现在# 快乐发动就现在，新年快乐吆生日快乐', '#快乐发动就现在# 生日快乐', '#快乐发动就现在#', '#快乐发动就现在#', '#快乐发动就现在# 赶在个末班车', '#快乐发动就现在#', '#快乐发动就现在#', '#快乐发动就现在#', '#快乐发动就现在#', '#快乐发动就现在#', '#快乐发动就现在# 生日快乐，发动快乐发动就现在', '#快乐发动就现在#', '#快乐发动就现在#', '小贝壳祝国美生日快乐🎂🎂🎂', '#快乐发动就现在#']"
https://m.weibo.cn/status/JA6EoEp38?mblogid=JA6EoEp38&luicode=10000011&lfid=1076036512266446,Fri Dec 25 16:11:26 +0800 2020,不知道大家看#奇葩说#的时候，有没有注意到这个有三套房的男人,5,8,7,"['注意到了！', '你好，你感兴趣的“奇葩说”已开通了超话社区～ 超话社区是微博旗下兴趣互动社区，快来与志同道合的小伙伴们一起交流互动吧！ 戳我进入>> 奇葩说', '能上电视的富人不少。', '6666', '今年能不能提早让回家过年，不想自己一个人在十几平的合租房里过年', '软件崩了… 有没有人管一管']"
https://m.weibo.cn/status/JA4ap25Lu?mblogid=JA4ap25Lu&luicode=10000011&lfid=1076036512266446,Fri Dec 25 09:52:02 +0800 2020,祝福收到了！本周最后一个工作日，要元气满满地开始！,123,34,19,"['图片评论 评论配图', '小贝壳', '小贝壳圣诞快乐🎄代言人好可爱', '圣诞快乐@黄轩的微博', '圣诞快乐哦！', '元气满满迎接2021', '元气满满愿新的一年牛气冲天@黄轩的微博', '圣诞快乐！🎄 加油吖', '圣诞快乐', '小贝壳 圣诞快乐呀', '圣诞快乐贝壳', '圣诞快乐', '圣诞快乐🎄', '圣诞快乐🎄', '']"
https://m.weibo.cn/status/JzUpQqe85?mblogid=JzUpQqe85&luicode=10000011&lfid=1076036512266446,Thu Dec 24 09:02:36 +0800 2020,#平安夜##如何在家过好圣诞# 过圣诞，不就是找个借口买可爱的圣诞树、挂上精致的灯饰、给喜欢的人送礼物吗？关注@贝壳找房 ，转发说出在家过圣诞必须要准备的东西，12月31日@微博抽奖平台 选5个幸运鹅，把“闹海”盲盒送到你家！让我看看是谁能抓住限量版在逃“圣诞闹海” 抽奖详情,23,60,64,"['吃酒喝肉@贝壳找房', 'VR带看最合适', '吃炸糕', '那肯定是电脑和2077啦', '过圣诞家里必备一个对象啊', '圣诞树🎄', '来晚了来晚了，必须得吃饺子啊！没听说过吗？圣诞不端饺子碗，冻掉耳朵没人管叮叮当 叮叮当，还得来碗饺子汤', '奶茶苹果必须的 我想要闹海盲盒', '当然是准备对象和钱了。', '必须要准备的一定是圣诞树啦！还有圣诞帽子', '苹果', '冲冲冲', '糖果', '手机', '酒肉']"
https://m.weibo.cn/status/JzU8Q9EB2?mblogid=JzU8Q9EB2&luicode=10000011&lfid=1076036512266446,Thu Dec 24 08:20:43 +0800 2020,#女方买婚房有错吗# 我来提供点论据@奇葩说官方微博 根据《2020新青年居住消费趋势报告》，近75%的受访者认为婚房应该由双方家庭共同承担。其中，新青年夫妻独立承担意愿占比47%。另一方面，对于房产的归属，新青年同样态度坚决，要求夫妻双方共同拥有房产证署名权的受访者，占比超过50%。,4,3,6,['买就对了！冲']
https://m.weibo.cn/status/JzOhju6GE?mblogid=JzOhju6GE&luicode=10000011&lfid=1076036512266446,Wed Dec 23 17:25:07 +0800 2020,#中国成年男性平均身高接近1米7# 不好意思，拉高水平线了我觉得我有2米。,9,4,4,['我只想问这个小哥是谁，也是贝壳的吗']
https://m.weibo.cn/status/JzErer5bI?mblogid=JzErer5bI&luicode=10000011&lfid=1076036512266446,Tue Dec 22 16:22:05 +0800 2020,#娱乐圈姓王的都是谐星吧# 这种场面怎么可以没有，会卖房会直播会弹唱的脱口秀演员王勉,7,4,2,"['啊！好线下看王勉的脱口秀啊，不知道能不能黑幕我这个内部员工', '哈哈哈哈哈哈哈哈竟然是官方号']"
https://m.weibo.cn/status/JzvYjxXlu?mblogid=JzvYjxXlu&luicode=10000011&lfid=1076036512266446,Mon Dec 21 18:48:52 +0800 2020,#冬至# #冬至吃啥# 吃了吗您嘞都来猜猜这饺子是什么馅？,20,20,2,"['螺蛳粉', '单身馅', '没下班呢', '肉！', '白菜', '饺子配可乐？', '韭菜']"
https://m.weibo.cn/status/JyTlObgW6?mblogid=JyTlObgW6&luicode=10000011&lfid=1076036512266446,Thu Dec 17 16:29:37 +0800 2020,贝壳找房X《#奇葩说7#》再度联手，强势回归今晚起每周四&六 20:00和我一起围观@奇葩说官方微博,16,13,9,"['@麻瓜Zhang 你的奇葩说回来了', '咔']"
https://m.weibo.cn/status/JyybbvaHd?mblogid=JyybbvaHd&luicode=10000011&lfid=1076036512266446,Tue Dec 15 10:35:46 +0800 2020,TATA木门#一群木匠的倔强#新品发布会，12.22如约而至。专注内心，坚持做好每一扇门，不负每一份期待，成就每一个家！贝壳邀你一起赴#TATA木门新品发布会#之约。转发参与话题讨论，关注@贝壳找房 ，12月23日抽一位小伙伴送智能扫地机器人一个！@微博抽奖平台 抽奖详情,141,431,529,"['今日福利放松，谁家缺个机器人？', '#TATA木门新品发布会#GO', '#TATA木门新品发布会#', '12·22TATA木门#一群木匠的倔强#新品发布会，在这个冬天如约而至。一起赴#TATA木门新品发布会#之约。', '#TATA木门新品发布会#', '支持活动', '#一群木匠的倔强#', '#TATA木门新品发布会#', '#一群木匠的倔强#在这个冬天如约而至 一起赴约#TATA木门新品发布会#加油加油加油', '#一群木匠的倔强#在这个冬天如约而至 一起赴约#TATA木门新品发布会#加油加油加油', '我来了', '#一群木匠的倔强#. #tata木门新品发布会#', '#tata木门新品发布会#', '#TATA木门新品发布会#', '#TATA木门新品发布会#']"
https://m.weibo.cn/status/JxOHIjZlk?mblogid=JxOHIjZlk&luicode=10000011&lfid=1076036512266446,Thu Dec 10 14:49:32 +0800 2020,两年来，贝壳在数字化转型的道路上不断加速奔跑。为实现“让居住更美好”，贝壳都做了什么？12月11日，给你答案。,5,16,10,['早上好~']
https://m.weibo.cn/status/JxNbi51ND?mblogid=JxNbi51ND&luicode=10000011&lfid=1076036512266446,Thu Dec 10 10:56:54 +0800 2020,#应季水果时间表#里竟然没有车厘子？我来给你们安排上！关注@贝壳找房 转发本博， #双十二#12.12抽1位爱水果人士，送【5斤车厘子】@微博抽奖平台 抽奖详情,26,79,222,"['//@贝壳找房:#应季水果时间表#里竟然没有车厘子？我来给你们安排上！关注@贝壳找房\xa0转发本博，\xa0#双十二#12.12抽1位爱水果人士，送【5斤车厘子】@微博抽奖平台 抽奖详情', '车厘子来了//@贝壳找房:#应季水果时间表#里竟然没有车厘子？我来给你们安排上！关注@贝壳找房\xa0转发本博，\xa0#双十二#12.12抽1位爱水果人士，送【5斤车厘子】@微博抽奖平台', '//@贝壳找房:#应季水果时间表#里竟然没有车厘子？我来给你们安排上！关注@贝壳找房\xa0转发本博，\xa0#双十二#12.12抽1位爱水果人士，送【5斤车厘子】@微博抽奖平台', '#双十二#//@贝壳找房:#应季水果时间表#里竟然没有车厘子？我来给你们安排上！关注@贝壳找房\xa0转发本博，\xa0#双十二#12.12抽1位爱水果人士，送【5斤车厘子】@微博抽奖平台', '//@贝壳找房:#应季水果时间表#里竟然没有车厘子？我来给你们安排上！关注@贝壳找房\xa0转发本博，\xa0#双十二#12.12抽1位爱水果人士，送【5斤车厘子】@微博抽奖平台', '//@贝壳找房: #应季水果时间表#里竟然没有车厘子？我来给你们安排上！关注@贝壳找房 转发本博， #双十二#12.12抽1位爱水果人士，送【5斤车厘子】@微博抽奖平台', '谢谢//@贝壳找房:#应季水果时间表#里竟然没有车厘子？我来给你们安排上！关注@贝壳找房\xa0转发本博，\xa0#双十二#12.12抽1位爱水果人士，送【5斤车厘子】@微博抽奖平台', '//@贝壳找房:#应季水果时间表#里竟然没有车厘子？我来给你们安排上！关注@贝壳找房\xa0转发本博，\xa0#双十二#12.12抽1位爱水果人士，送【5斤车厘子】@微博抽奖平台', '5斤过过瘾//@贝壳找房:#应季水果时间表#里竟然没有车厘子？我来给你们安排上！关注@贝壳找房\xa0转发本博，\xa0#双十二#12.12抽1位爱水果人士，送【5斤车厘子】@微博抽奖平台', '//@贝壳找房:#应季水果时间表#里竟然没有车厘子？我来给你们安排上！关注@贝壳找房\xa0转发本博，\xa0#双十二#12.12抽1位爱水果人士，送【5斤车厘子】@微博抽奖平台', '', '//@贝壳找房:#应季水果时间表#里竟然没有车厘子？我来给你们安排上！关注@贝壳找房\xa0转发本博，\xa0#双十二#12.12抽1位爱水果人士，送【5斤车厘子】@微博抽奖平台 抽奖详情', '车厘子来啦//@贝壳找房:#应季水果时间表#里竟然没有车厘子？我来给你们安排上！关注@贝壳找房\xa0转发本博，\xa0#双十二#12.12抽1位爱水果人士，送【5斤车厘子】@微博抽奖平台 抽奖详情', '，，//@贝壳找房:#应季水果时间表#里竟然没有车厘子？我来给你们安排上！关注@贝壳找房\xa0转发本博，\xa0#双十二#12.12抽1位爱水果人士，送【5斤车厘子】@微博抽奖平台', '车厘子自由//@贝壳找房:#应季水果时间表#里竟然没有车厘子？我来给你们安排上！关注@贝壳找房\xa0转发本博，\xa0#双十二#12.12抽1位爱水果人士，送【5斤车厘子】@微博抽奖平台']"
https://m.weibo.cn/status/JxE5IrzHM?mblogid=JxE5IrzHM&luicode=10000011&lfid=1076036512266446,Wed Dec 09 11:48:27 +0800 2020,贝壳先来给乐檬的红包雨加点儿量！关注@贝壳找房 转发本条微博，12月18日@微博抽奖平台 抽6位平分【666元现金红包】。大家快来呀！#一起666# 抽奖详情,42,153,234,"['小贝你是不是忘记开奖了', '🙏🙏🙏', '试试运气', '', '冲冲冲', '来了', '太好了', '6666', '666', '贝壳看看我这个在青岛链家的人', '来了', '试试吧', '来了', '中国真房源贝壳找房也不真了！唉！合肥好多都是挂上去不买的试水！看了好几套都不真心买！唉😔', '你们不用看了，天命之子是我，你们放弃吧']"
https://m.weibo.cn/status/JxDoCCgHh?mblogid=JxDoCCgHh&luicode=10000011&lfid=1076036512266446,Wed Dec 09 10:02:17 +0800 2020,能卖房子、会玩音乐的小姐姐哪里找？来贝壳呀~,0,5,2,[]
https://m.weibo.cn/status/Jxy0NbJSY?mblogid=Jxy0NbJSY&luicode=10000011&lfid=1076036512266446,Tue Dec 08 20:19:50 +0800 2020,#王勉直播卖房# @王勉__ 推着装满礼物的小车来到贝壳啦！还没上直播间领奖品的朋友们，赶紧上车！ 北京·西北旺,6,13,3,"['勉子受到强烈冲击 小姐姐唱歌很好听啊', '请问这次直播有回放吗？ps居然是在北京直播的？我还以为王勉不出上海呢！']"
https://m.weibo.cn/status/JxuRFEu7G?mblogid=JxuRFEu7G&luicode=10000011&lfid=1076036512266446,Tue Dec 08 12:19:09 +0800 2020,#圣诞老人已经开始培训了# “圣诞闹海”也来啦！快来说说你们想要什么礼物 北京·东方电子科技大厦,14,20,2,"['想要哪吒闹海', '你把这图片上的发我', '就要你图片上的这个', '黑糖珍珠奶茶，三分糖，多奶少茶，立即送到谢谢🙏', '围巾', '想要这个，怎么获得', '图片小可爱', '贝壳文化衫', '各种礼物🎁', '想要这个闹海', '我要这个闹海娃娃', '', '闹海娃娃']"
https://m.weibo.cn/status/JxuBcvGWT?mblogid=JxuBcvGWT&luicode=10000011&lfid=1076036512266446,Tue Dec 08 11:38:33 +0800 2020,#王勉直播卖房# 就在今晚8点，搓手手期待了！提前透露一下，本壳准备了iPhone手机等超多直播专享豪礼，更有300万购房直降礼金送给大家，你们的小板凳准备好了吗？@王勉__ 👉网页链接,2,7,2,"['6666，要不在微博上抽一个苹果12吧', '', '天津市河北区德佑中方有家店店长及房产经纪，交房当天玩儿失踪，晾了客户三个小时，不出现，收完中介费不提供服务，请问如何投诉', '哈哈哈哈哈王勉又是这张图']"
https://m.weibo.cn/status/JxnYeaEWP?mblogid=JxnYeaEWP&luicode=10000011&lfid=1076036512266446,Mon Dec 07 18:46:03 +0800 2020,都是中间人，5哈导游不好干，卖房也不简单，但超过你卖内裤的业绩应该不难，哈哈哈哈哈，明晚8点，来贝壳好房价到直播间看 #王勉直播卖房#,2,5,5,"['喜欢王勉嘻嘻', '', '脖子那么短。']"
https://m.weibo.cn/status/Jxme5cg4O?mblogid=Jxme5cg4O&luicode=10000011&lfid=1076036512266446,Mon Dec 07 14:19:38 +0800 2020,#王勉直播卖房#在？《哈哈哈哈哈》导游·脱口秀大会冠军·贝壳新房推荐官@王勉__ 约你明晚的时间。4.7折起的优质楼盘、2000元购房礼金、iPhone12…各种福利送不停。明晚8点，让你笑到哭的直播，别错过了！,1,5,6,"['认不到', '来了来了', '天津市河北区德佑中方有家店店长及房产经纪，交房当天玩儿失踪，晾了客户三个小时，不出现，收完中介费不提供服务，请问如何投诉', '贝壳租房里面，怎么解约呢？']"
https://m.weibo.cn/status/JwKWzxrsB?mblogid=JwKWzxrsB&luicode=10000011&lfid=1076036512266446,Thu Dec 03 15:24:52 +0800 2020,寻经纪人，特征：一位做好事不留名的帅哥👇寻 人 启 事,3,11,5,"['@小贼6028248133 谢谢你的提醒，让我们看到了宝藏小哥哥', '南京住商发来贺电', '重庆链家发来贺电']"
https://m.weibo.cn/status/JwzNe7MlD?mblogid=JwzNe7MlD&luicode=10000011&lfid=1076036512266446,Wed Dec 02 11:01:37 +0800 2020,天气那么冷，小鸟也来贝壳筑巢安家啦~ 北京·东方电子科技大厦,13,11,6,"['🙈不考博学嘛，在这发动态', '图片评论', '请问一下几年了，如果是满5的话，唯一的话，我们税费会少很多，可以换一个大一点更加通透的鸟巢。', '图片评论']"
https://m.weibo.cn/status/JwimoFO2Z?mblogid=JwimoFO2Z&luicode=10000011&lfid=1076036512266446,Mon Nov 30 14:38:50 +0800 2020,也可以找我聊,6,12,1,"['不想你聊。', '太狠了', '→_→//@贝壳找房:也可以找我聊', '聊的人是多了，转录入又低了', '别别别，影响转录入率', '又关小黑屋了，不能聊了', '顺便电话号码留一个，要不影响我转客率', '天津21世纪加盟店老板，工作两年不给员工签劳动合同不给上保险，最后被告到劳动仲裁，员工胜诉，老板王铁强最后上诉到中级人民法院，现在正在强制执行中，王铁强拒不履行法院判决，更改法定代表人，现已进入失信人黑名单，请问你们贝壳不需要调查加盟店的资质嘛。']"
https://m.weibo.cn/status/Jwh53n3dT?mblogid=Jwh53n3dT&luicode=10000011&lfid=1076036512266446,Mon Nov 30 11:23:21 +0800 2020,#丁真# #贝壳版丁真# 阿苦各黑，是出身于贫穷落后的大凉山地区的彝族青年。他小学辍学后，只身前往比老家发达的大城市宁波。扛过钢筋，打过水泥，也做过架子工，最后成为德佑的一名经纪人，通过2年的努力买了房。人生这场长跑，不是看短时爆发力，成功取决于耐力和毅力。 贝壳找房的微博视频,23,13,15,"['看过这集，很感动', '优秀！']"
https://m.weibo.cn/status/JvIn2yYvg?mblogid=JvIn2yYvg&luicode=10000011&lfid=1076036512266446,Thu Nov 26 19:01:32 +0800 2020,下班后有节目吗？今晚，电视机前，一起来个隔空约会吧2020年中国足协杯八强争夺战@广州恒大淘宝足球俱乐部 VS 昆山FC为你喜欢的队伍加油呐喊吧！@中国足协,7,9,6,"['看着贝壳找房一步一步的让大家了解，成为市场上唯一上市的房产平台，也在家务这一刻越做越好，加油，贝壳，我们都是贝壳人', '我司这次赞助！上档次']"
https://m.weibo.cn/status/JvvvVwg7e?mblogid=JvvvVwg7e&luicode=10000011&lfid=1076036512266446,Wed Nov 25 10:17:43 +0800 2020,有多少人还是学生时希望快点长大，进入社会后却怀念那段校园时光？,5,6,8,[]
https://m.weibo.cn/status/Jvegdgke3?mblogid=Jvegdgke3&luicode=10000011&lfid=1076036512266446,Mon Nov 23 14:22:18 +0800 2020,#微信新表情的正确打开方式# #你为了工作有多拼#朋友圈的经纪人也太与时俱进了吧5G冲浪网速🏄,7,11,6,"['阔以，阔以！', '']"
https://m.weibo.cn/status/JuTIMbQTm?mblogid=JuTIMbQTm&luicode=10000011&lfid=1076036512266446,Sat Nov 21 10:04:59 +0800 2020,#北京下雪#想象中的你：和朋友相约出去看初雪实际上的你：宅在家看看窗外就够了,6,11,7,"['有被内涵到', '舒服哈']"
https://m.weibo.cn/status/JuLQAj4Sb?mblogid=JuLQAj4Sb&luicode=10000011&lfid=1076036512266446,Fri Nov 20 14:02:15 +0800 2020,有大佬可以带我一把吗？,6,6,13,"['这样好嘛', '图片评论 网页链接', '我青铜三，带你']"
https://m.weibo.cn/status/JuE4N2Oci?mblogid=JuE4N2Oci&luicode=10000011&lfid=1076036512266446,Thu Nov 19 18:15:16 +0800 2020,#微信新表情# 今天来学一下五阿哥！你们觉得像吗？,1,7,6,"['图片评论', '一直觉得闹海好像一个腰子', '哈哈哈哈']"
https://m.weibo.cn/status/JuhoMthLI?mblogid=JuhoMthLI&luicode=10000011&lfid=1076036512266446,Tue Nov 17 08:31:21 +0800 2020,"贝壳上市首季（2020年Q3）财报要点：①单季度GTV破万亿，同比增长87.2%；②收入利润双双超预期：营收205亿元，同比增长70.9%；经调整后净利润18.58亿元，同比增长210.6%；③移动端月活（MAU）达4,790万，同比增长82.1%；④门店+41.7% 经纪人+50.7% 跨店合作70%，双网双核持续强化 ⑤更坚定地对消费者好，更坚定地帮助服务者对消费者好，为平台的消费者、经纪人及平台上其他参与者创造可持续的价值。",23,8,17,"['贝壳加油', '', '流量平台～']"
https://m.weibo.cn/status/JuaRqzzlH?mblogid=JuaRqzzlH&luicode=10000011&lfid=1076036512266446,Mon Nov 16 15:52:42 +0800 2020,小彤是流动人口社区图书馆的小读者。当我们问他对图书馆有什么期待时，他说：“没有图书馆，我就没有课外书读了。”这个冬天，@贝壳找房 @满天星公益 邀请你一起用“分享”帮助更多像小彤一样流动儿童。即日起点击网页链接 进入腾讯新闻活动页面，每分享一篇新闻，即可用积分兑换由贝壳公益提供的配捐基金，向广州海珠区凤阳社区图书馆的建设捐出0.1元。分享即公益，共建儿童友好社区图书馆，为城中村的孩子提供一个温暖的庇护所。,2,5,25,"['贝壳做起了公益，真好，这很正能量，这很人情化', '#贝壳南京站# 分享即公益，共建儿童友好社区图书馆，为城中村的孩子提供一个温暖的庇护所。']"
https://m.weibo.cn/status/JtGG4xKQl?mblogid=JtGG4xKQl&luicode=10000011&lfid=1076036512266446,Fri Nov 13 11:02:19 +0800 2020,经纪人想提升服务品质和效率，要怎么做？贝壳找房“新经纪服务加速器2.0”八大产品来帮你！心动不如行动！,9,5,4,[]
https://m.weibo.cn/status/JtxbGAzJJ?mblogid=JtxbGAzJJ&luicode=10000011&lfid=1076036512266446,Thu Nov 12 10:52:44 +0800 2020,双11不剁手也能享的刚刚好？#顾家双11享多了# 享你所想，享「有家」了？关注@贝壳找房 订阅@顾家家居 转发评论你在享什么，11月16日【不过滤】抽3位平分【顾家理“享”金300元】JD卡，助你理“享”成真！ 抽奖详情,130,180,3951,"['我家就是你家，幸福快乐你我他', '享福', '#顾家双11享多了#享舒适生活', '#顾家双11享多了#享吃遍天下美食', '#顾家双11享多了#享健康快乐', '#顾家双11享多了#享买房子', '#顾家双11享多了#享优惠', '#顾家双11享多了#享受美食音乐旅行带来的愉悦', '#顾家双11享多了#享中奖', '#顾家双11享多了#', '想家', '#顾家双11享多了#', '#顾家双11享多了#', '#顾家双11享多了# 值得拥有别无所求别的不说，这颜值真的高6666666', '#顾家双11享多了#享福利']"
https://m.weibo.cn/status/JtoIbA1lX?mblogid=JtoIbA1lX&luicode=10000011&lfid=1076036512266446,Wed Nov 11 13:18:04 +0800 2020,2020年新经纪峰会上，贝壳找房董事长左晖表示，除了继续对C端做服务承诺，未来对B端也要尝试做出承诺：不管是大B、小B，或者店长、店东、经纪人的确定性和安全感变得很重要。,12,12,15,"['新经纪新力量，感谢自己的眼光很荣幸加入我们链家贝壳大平台，带着感恩之心，勇敢与爱同行！', '#2020新经纪峰会# #贝壳南京站# 老左眼中的新经纪：贝壳不仅要向C承诺，未来也要尝试向B承诺！']"
https://m.weibo.cn/status/JtnDwiUzu?mblogid=JtnDwiUzu&luicode=10000011&lfid=1076036512266446,Wed Nov 11 10:33:50 +0800 2020,2020年新经纪峰会上，贝壳找房CEO彭永东发布新经纪品质观。他认为，新经纪与旧经纪的判断标尺就是：相信什么，做了什么。对客户好、对经纪人好、合作共赢、线上化是新经纪时代所有从业者进行价值检验的四条黄金准则。,5,6,12,"['相信相信的力量 做难而正确的事！', '#贝壳南京站# #2020新经纪峰会# 相信相信的力量 做难而正确的事！']"
https://m.weibo.cn/status/JtgNhiITD?mblogid=JtgNhiITD&luicode=10000011&lfid=1076036512266446,Tue Nov 10 17:08:39 +0800 2020,亲，这边建议不要看入迷哦蹲太久不好,1,6,1,"['', '哈哈哈哈哈', '微博', '坐马桶都看这个APP，老掌位员了', '如果贝壳有等级之分，估计我也是黄金了以前在Q房就用贝壳App']"
https://m.weibo.cn/status/JsFKsnvwd?mblogid=JsFKsnvwd&luicode=10000011&lfid=1076036512266446,Fri Nov 06 18:50:04 +0800 2020,贝壳找房 X《哈哈哈哈哈》哈哈一路困难多 VR看房轻松过每周五20:00 @爱奇艺 @腾讯视频 &东方卫视与@邓超 @陈赫 @M鹿M 开启穿越中国之旅,10,11,19,"['今天你哈哈哈哈哈了吗？#贝壳宁波#', '', '#哈哈哈哈哈终于定档# 贝壳南京站邀您一起观看《哈哈哈哈哈》~哈哈一路困难多 VR看房轻松过', '', '坐等开始，期待鹿晗', '买房卖房首选贝壳找房', '投诉了平台客服，让加了一个微信客服，但不回复不处理不答复是怎么回事呢？', '@不含头两百斤:回复@PureQaQ:赞同，贝壳平台，监管不严，租房信息与合作企业人员缺少管控，北京晟泊公寓涉嫌欺诈，请大家慎重选择。']"
https://m.weibo.cn/status/JsEejAybY?mblogid=JsEejAybY&luicode=10000011&lfid=1076036512266446,Fri Nov 06 14:58:07 +0800 2020,贝壳也来助力啦！关注@贝壳找房 订阅@YIJIAN亿健 带 #肥宅请留步# 转发此博，11月13日 @微博抽奖平台 不过滤抽5位小伙伴平分【500元京东卡】 抽奖详情,28,85,2532,"['#肥宅请留步# 拉低中奖率！//@贝壳找房: 贝壳也来助力啦！关注@贝壳找房 订阅@YIJIAN亿健 带 #肥宅请留步# 转发此博，11月13日 @微博抽奖平台 不过滤抽5位小伙伴平分【500元京东卡】', '#肥宅请留步# //@贝壳找房:贝壳也来助力啦！关注@贝壳找房 订阅@YIJIAN亿健 带 #肥宅请留步# 转发此博，11月13日 @微博抽奖平台 不过滤抽5位小伙伴平分【500元京东卡】', '我我我//@贝壳找房:贝壳也来助力啦！关注@贝壳找房 订阅@YIJIAN亿健 带 #肥宅请留步# 转发此博，11月13日 @微博抽奖平台 不过滤抽5位小伙伴平分【500元京东卡】 抽奖详情', '#肥宅请留步# //@贝壳找房:贝壳也来助力啦！关注@贝壳找房 订阅@YIJIAN亿健 带 #肥宅请留步# 转发此博，11月13日 @微博抽奖平台 不过滤抽5位小伙伴平分【500元京东卡】 抽奖详情', '#肥宅请留步#//@贝壳找房: 贝壳也来助力啦！关注@贝壳找房 订阅@YIJIAN亿健 带 #肥宅请留步# 转发此博，11月13日 @微博抽奖平台 不过滤抽5位小伙伴平分【500元京东卡】', '#肥宅请留步#//@贝壳找房: 贝壳也来助力啦！关注@贝壳找房 订阅@YIJIAN亿健 带 #肥宅请留步# 转发此博，11月13日 @微博抽奖平台 不过滤抽5位小伙伴平分【500元京东卡】', '#肥宅请留步#//@贝壳找房:贝壳也来助力啦！关注@贝壳找房 订阅@YIJIAN亿健 带 #肥宅请留步# 转发此博，11月13日 @微博抽奖平台 不过滤抽5位小伙伴平分【500元京东卡】', '6666', '#肥宅请留步# //@贝壳找房:贝壳也来助力啦！关注@贝壳找房 订阅@YIJIAN亿健 带 #肥宅请留步# 转发此博，11月13日 @微博抽奖平台 不过滤抽5位小伙伴平分【500元京东卡】 抽奖详情', '#肥宅请留步# //@贝壳找房 :贝壳也来助力啦！关注@贝壳找房 订阅@YIJIAN亿健 带 #肥宅请留步# 转发此博，11月13日 @微博抽奖平台 不过滤抽5位小伙伴平分【500元京东卡】 抽奖详情', '#肥宅请留步# //@贝壳找房:贝壳也来助力啦！关注@贝壳找房 订阅@YIJIAN亿健 带 #肥宅请留步# 转发此博，11月13日 @微博抽奖平台 不过滤抽5位小伙伴平分【500元京东卡】 抽奖详情', '#肥宅请留步# 就是今天！！//@贝壳找房:贝壳也来助力啦！关注@贝壳找房 订阅@YIJIAN亿健 带 #肥宅请留步# 转发此博，11月13日 @微博抽奖平台 不过滤抽5位小伙伴平分【500元京东卡】 抽奖详情', '#肥宅请留步#肥宅是我没错了🤓//@贝壳找房:贝壳也来助力啦！关注@贝壳找房 订阅@YIJIAN亿健 带 #肥宅请留步# 转发此博，11月13日 @微博抽奖平台 不过滤抽5位小伙伴平分【500元京东卡】 抽奖详情', '#肥宅请留步# //@贝壳找房:贝壳也来助力啦！关注@贝壳找房 订阅@YIJIAN亿健 带 #肥宅请留步# 转发此博，11月13日 @微博抽奖平台 不过滤抽5位小伙伴平分【500元京东卡】', '#肥宅请留步#//@贝壳找房:贝壳也来助力啦！关注@贝壳找房 订阅@YIJIAN亿健 带 #肥宅请留步# 转发此博，11月13日 @微博抽奖平台 不过滤抽5位小伙伴平分【500元京东卡】']"
https://m.weibo.cn/status/JsCtUkXjt?mblogid=JsCtUkXjt&luicode=10000011&lfid=1076036512266446,Fri Nov 06 10:31:03 +0800 2020,一天的美好从早餐开始，三全&龙凤中国早餐36式上市，足不出户吃遍南北早餐，天天不重样。贝壳也来为健康生活助力啦！关注@贝壳找房 订阅@三全食品 @龙凤食品 转评说出你最喜欢吃的早餐，11.16揪出2位吃货送【价值199元速冻早餐大礼包】！围观三全&龙凤置顶微博更有#承包一年早餐#豪横礼包等你拿。 抽奖详情,32,72,119,"['一天的美好从早餐开始，三全&龙凤中国早餐36式上市，足不出户吃遍南北早餐，天天不重样。#承包一年早餐#喜欢中式早餐', '一天的美好从早餐开始，三全&龙凤中国早餐36式上市，足不出户吃遍南北早餐，天天不重样。#承包一年早餐#喜欢中式早餐', '广东三件套鸭 云吞面 肠粉和牛腩粉', '#承包一年早餐#', '转发微博', '油条', '当然是豆皮啦', '转发微博', '牛肉面', '超爱👄', '#承包一年早餐#', '#承包一年早餐#', '给力', '#承包一年早餐# 豆浆油条', '#承包一年早餐#']"
https://m.weibo.cn/status/JsbUCurc7?mblogid=JsbUCurc7&luicode=10000011&lfid=1076036512266446,Tue Nov 03 14:52:42 +0800 2020,尾款人一定要知道的大新闻说不定这个双十一，就能成为有房人士了。,6,15,6,['']
https://m.weibo.cn/status/Js3elC1Pi?mblogid=Js3elC1Pi&luicode=10000011&lfid=1076036512266446,Mon Nov 02 16:46:35 +0800 2020,#核能黄风暴# 来袭！@贝壳找房 @上汽集团名爵 一起让你更快一步！以青春为名，期待全新MG5领潮上市！带话题转发此条微博，11月8日，@微博抽奖平台 抽13位幸运鹅送MG保温壶1个、大号休闲手提包1个、定制抱枕6个、100元京东购物卡5张。快来鸭~～ 抽奖详情,145,246,4815,"['#核能黄风暴#', '#核能黄风暴#好好好', '#核能黄风暴# 加油贝壳🐚', '#核能黄风暴#努力', '#核能黄风暴#科技', '#核能黄风暴#加油', '#核能黄风暴# 2121', '#核能黄风暴# 冲冲冲', '来了来了', '转发微博', '#核能黄风暴#', '一起来嗨，', '转发微博', '又不想出门了#核能黄风暴#', '#核能黄风暴# 圣诞节快乐好运祝伟大祖国繁荣昌盛666666']"
https://m.weibo.cn/status/JrAO79n08?mblogid=JrAO79n08&luicode=10000011&lfid=1076036512266446,Fri Oct 30 16:25:02 +0800 2020,没抽到海景房没关系！双十一继续嗨！看， #追觅超级锦鲤# 在向你招手了！ 关注@贝壳找房 @追觅科技官方微博 ，转评本博晒出你的双十一愿望，@微博抽奖平台 11月11日抽1人送【价值699元的追觅炫发高速吹风机】 抽奖详情,13,72,96,"['#追觅超级锦鲤#买电器//@贝壳找房:没抽到海景房没关系！双十一继续嗨！看， #追觅超级锦鲤# 在向你招手了！ 关注@贝壳找房 @追觅科技官方微博 ，转评本博晒出你的双十一愿望，@微博抽奖平台 11月11日抽1人送【价值699元的追觅炫发高速吹风机】', '//@贝壳找房:没抽到海景房没关系！双十一继续嗨！看， #追觅超级锦鲤# 在向你招手了！ 关注@贝壳找房 @追觅科技官方微博 ，转评本博晒出你的双十一愿望，@微博抽奖平台 11月11日抽1人送【价值699元的追觅炫发高速吹风机】', '发财', '不错//@贝壳找房 :没抽到海景房没关系！双十一继续嗨！看， #追觅超级锦鲤# 在向你招手了！ 关注@贝壳找房 @追觅科技官方微博 ，转评本博晒出你的双十一愿望，@微博抽奖平台 11月11日抽1人送【价值699元的追觅炫发高速吹风机】', '❤️//@贝壳找房:没抽到海景房没关系！双十一继续嗨！看， #追觅超级锦鲤# 在向你招手了！ 关注@贝壳找房 @追觅科技官方微博 ，转评本博晒出你的双十一愿望，@微博抽奖平台 11月11日抽1人送【价值699元的追觅炫发高速吹风机】', '我//@贝壳找房 :没抽到海景房没关系！双十一继续嗨！看， #追觅超级锦鲤# 在向你招手了！ 关注@贝壳找房 @追觅科技官方微博 ，转评本博晒出你的双十一愿望，@微博抽奖平台 11月11日抽1人送【价值699元的追觅炫发高速吹风机】', '女//@贝壳找房:没抽到海景房没关系！双十一继续嗨！看， #追觅超级锦鲤# 在向你招手了！ 关注@贝壳找房 @追觅科技官方微博 ，转评本博晒出你的双十一愿望，@微博抽奖平台 11月11日抽1人送【价值699元的追觅炫发高速吹风机】', '中奖//@贝壳找房:没抽到海景房没关系！双十一继续嗨！看， #追觅超级锦鲤# 在向你招手了！ 关注@贝壳找房 @追觅科技官方微博 ，转评本博晒出你的双十一愿望，@微博抽奖平台 11月11日抽1人送【价值699元的追觅炫发高速吹风机】', '转发微博//@贝壳找房:没抽到海景房没关系！双十一继续嗨！看， #追觅超级锦鲤# 在向你招手了！ 关注@贝壳找房 @追觅科技官方微博 ，转评本博晒出你的双十一愿望，@微博抽奖平台 11月11日抽1人送【价值699元的追觅炫发高速吹风机】', '#追觅超级锦鲤#//@贝壳找房: 没抽到海景房没关系！双十一继续嗨！看， #追觅超级锦鲤# 在向你招手了！ 关注@贝壳找房\xa0\xa0@追觅科技官方微博 ，转评本博晒出你的双十一愿望，@微博抽奖平台 11月11日抽1人送【价值699元的追觅炫发高速吹风机】', '//@贝壳找房:没抽到海景房没关系！双十一继续嗨！看， #追觅超级锦鲤# 在向你招手了！ 关注@贝壳找房 @追觅科技官方微博 ，转评本博晒出你的双十一愿望，@微博抽奖平台 11月11日抽1人送【价值699元的追觅炫发高速吹风机】', '回血//@贝壳找房:没抽到海景房没关系！双十一继续嗨！看， #追觅超级锦鲤# 在向你招手了！ 关注@贝壳找房 @追觅科技官方微博 ，转评本博晒出你的双十一愿望，@微博抽奖平台 11月11日抽1人送【价值699元的追觅炫发高速吹风机】', '//@贝壳找房:没抽到海景房没关系！双十一继续嗨！看， #追觅超级锦鲤# 在向你招手了！ 关注@贝壳找房 @追觅科技官方微博 ，转评本博晒出你的双十一愿望，@微博抽奖平台 11月11日抽1人送【价值699元的追觅炫发高速吹风机】', '//@贝壳找房:没抽到海景房没关系！双十一继续嗨！看， #追觅超级锦鲤# 在向你招手了！ 关注@贝壳找房 @追觅科技官方微博 ，转评本博晒出你的双十一愿望，@微博抽奖平台 11月11日抽1人送【价值699元的追觅炫发高速吹风机】', '//@贝壳找房:没抽到海景房没关系！双十一继续嗨！看， #追觅超级锦鲤# 在向你招手了！ 关注@贝壳找房 @追觅科技官方微博 ，转评本博晒出你的双十一愿望，@微博抽奖平台 11月11日抽1人送【价值699元的追觅炫发高速吹风机】']"
https://m.weibo.cn/status/JrzG6oMGh?mblogid=JrzG6oMGh&luicode=10000011&lfid=1076036512266446,Fri Oct 30 13:32:33 +0800 2020,刚需买房，你离“上车”还有多远？数据显示，超半数的刚需购房者希望首套房价格在百万以内，但#22城刚需族购房套均总价超百万#。47.6%的人首套房理想面积在90-120㎡之间，但梦想终究败给了现实，一线、新一线城市均值都低于90㎡。#全国30城刚需购房上车线#,7,6,20,"['在哪里上传系统截图，写系统号奥', '宜早不宜迟', '1000676846谢登科']"
https://m.weibo.cn/status/JrqlyAMMs?mblogid=JrqlyAMMs&luicode=10000011&lfid=1076036512266446,Thu Oct 29 13:47:13 +0800 2020,#全国30城刚需购房上车线# #北京刚需购房上车线350万# 对于首套房，你的心理价位是多少呢？贝壳找房发布的《2020城市刚需购房报告》显示，一线城市北京（350万）、深圳（345万）和上海（295万）刚需上车门槛最高，厦门总价266万元紧随其后；长沙、沈阳、重庆等8城市刚需上车门槛稍低，平均购房总价在百万以内。以沈阳为例，刚需房总价水平仅为北京的五分之一。 #北京刚需族买房套均总价350万#,7,3,11,"['#全国30城刚需购房上车线# 贝壳找房发布的《2020城市刚需购房报告》显示，一线城市北京（350万）、深圳（345万）和上海（295万）刚需上车门槛最高，厦门总价266万元紧随其后；长沙、沈阳、重庆等8城市刚需上车门槛稍低，平均购房总价在百万以内。信息可视化', '欢迎查看贝壳官方对2020年的报告', '垃圾链家，中介泄露客户资料，投诉客服还非常蛮横说没有问题，态度极其恶劣']"
https://m.weibo.cn/status/JrghMh0w3?mblogid=JrghMh0w3&luicode=10000011&lfid=1076036512266446,Wed Oct 28 12:10:25 +0800 2020,终于蹲到这么优质的纪录片了 房产经纪市场野蛮生长的起步期，你经历过吗？,5,3,8,"['未来可期！', '垃圾贝壳 压榨员工']"
https://m.weibo.cn/status/Jr0nJ3Z2X?mblogid=Jr0nJ3Z2X&luicode=10000011&lfid=1076036512266446,Mon Oct 26 19:41:07 +0800 2020,#薪青年实验室#（快来看看你是哪种“薪”青年？关注@贝壳找房 @招商银行App 带话题转发，11月2日抽1人，送【1.5升卧室静音迷你小熊加湿器】@微博抽奖平台 抽奖详情,14,62,123,"['#薪青年实验室#（快来看看你是哪种“薪”青年？', '//@贝壳找房:#薪青年实验室#（快来看看你是哪种“薪”青年？关注@贝壳找房 @招商银行App 带话题转发，11月2日抽1人，送【1.5升卧室静音迷你小熊加湿器】@微博抽奖平台', '#薪青年实验室# //@贝壳找房:#薪青年实验室#（快来看看你是哪种“薪”青年？关注@贝壳找房 @招商银行App 带话题转发，11月2日抽1人，送【1.5升卧室静音迷你小熊加湿器】@微博抽奖平台', '#薪青年实验室#//@贝壳找房:#薪青年实验室#（快来看看你是哪种“薪”青年？关注@贝壳找房 @招商银行App 带话题转发，11月2日抽1人，送【1.5升卧室静音迷你小熊加湿器】@微博抽奖平台', '#薪青年实验室#（快来', '#薪青年实验室# 有备无患的“薪”青年！//@贝壳找房:#薪青年实验室#（快来看看你是哪种“薪”青年？关注@贝壳找房 @招商银行App 带话题转发，11月2日抽1人，送【1.5升卧室静音迷你小熊加湿器】@微博抽奖平台', '嘻嘻😁【来自薪福通 2.0 专区的播报】据多名热心网友反映，每月月底大家都会出现薪资离奇消失的奇怪现象！招喵星球头号特工小招现开启#薪青年实验室#研究项目，向全体“薪” 青年征集关于薪资消失案的可靠情报。带话题转发+关注，说说你是哪一类薪青年？11 月 2 日抽', '#薪青年实验室#呜呜呜，我無薪//@贝壳找房: #薪青年实验室#（快来看看你是哪种“薪”青年？关注@贝壳找房 @招商银行App 带话题转发，11月2日抽1人，送【1.5升卧室静音迷你小熊加湿器】@微博抽奖平台', '#薪青年实验室#来了', '#薪青年实验室# //@贝壳找房:#薪青年实验室#（快来看看你是哪种“薪”青年？关注@贝壳找房 @招商银行App 带话题转发，11月2日抽1人，送【1.5升卧室静音迷你小熊加湿器】@微博抽奖平台 抽奖详情', '#薪青年实验室# 不错//@贝壳找房:#薪青年实验室#（快来看看你是哪种“薪”青年？关注@贝壳找房 @招商银行App 带话题转发，11月2日抽1人，送【1.5升卧室静音迷你小熊加湿器】@微博抽奖平台', '#薪青年实验室#哈哈哈啥都不是可太尴尬了//@贝壳找房:#薪青年实验室#（快来看看你是哪种“薪”青年？关注@贝壳找房 @招商银行App 带话题转发，11月2日抽1人，送【1.5升卧室静音迷你小熊加湿器】@微博抽奖平台', '#薪青年实验室#//@贝壳找房:#薪青年实验室#（快来看看你是哪种“薪”青年？关注@贝壳找房 @招商银行App 带话题转发，11月2日抽1人，送【1.5升卧室静音迷你小熊加湿器】@微博抽奖平台', '#薪青年实验室# //@贝壳找房:#薪青年实验室#（快来看看你是哪种“薪”青年？关注@贝壳找房 @招商银行App 带话题转发，11月2日抽1人，送【1.5升卧室静音迷你小熊加湿器】@微博抽奖平台', '#薪青年实验室#//@贝壳找房:#薪青年实验室#（快来看看你是哪种“薪”青年？关注@贝壳找房 @招商银行App 带话题转发，11月2日抽1人，送【1.5升卧室静音迷你小熊加湿器】@微博抽奖平台']"
https://m.weibo.cn/status/JqDMVv0TE?mblogid=JqDMVv0TE&luicode=10000011&lfid=1076036512266446,Sat Oct 24 10:10:03 +0800 2020,#1024致敬程序员# 秃发奇想、秃如其来、风云秃变…世上哪有什么岁月静好，只是那些程序员在替我们负重前行关注@贝壳找房 ，转发微博说出你觉得程序员最厉害的是_____，10.30@微博抽奖平台 抽3位小伙伴分别送100元京东卡。@开课吧官方微博 你们的程序员，有啥🐂🍺技能吗？ 抽奖详情,85,208,385,"['#1024致敬程序员#', '#1024致敬程序员#', '#1024致敬程序员#', '格子衫……', '#1024致敬程序员#', '转发微博', '#1024致敬程序员#希望幸福来的突然一点，让我梦想成真。', '码数字', '转发微博', '#1024致敬程序员#曾梦想仗剑走天涯，后来事太多就没去！10月你好，好运连连。', '#1024致敬程序员# 因为有程序员，所以我们更便捷！', '发量', '#1024致敬程序员#', '#1024致敬程序员#', '#1024致敬程序员#；']"
https://m.weibo.cn/status/Jqzd6oK0S?mblogid=Jqzd6oK0S&luicode=10000011&lfid=1076036512266446,Fri Oct 23 22:30:48 +0800 2020,现场也太刺激了吧！这个97年的小哥哥出乎意料地冷静！看来是被这个奖给整懵了。从来都没中过奖的他获得了人生第一套房， 再次恭喜他#免费抽中海景房#。本次全民新房节直播共发放了15张万元购房红包、20万元优惠券、1500张京东卡。买新房选贝壳，我们双十一购房节再见！ 贝壳找房的秒拍视频,21,16,184,"['我酸了，你呢', '我酸了', '上海链家 发来贺电 工号193771', '1001568516', '你们贝壳找房呵呵，我一个应届毕业生在你们平台租房，你们管家跑路不给我退租金和押金，还有没有天理了', '图片评论 评论配图', '#免费抽中海景房# 贝壳全民新房节等你来抽奖，我是1000515023', '贝壳全民新房节厉害了，抽奖我们是认真的。1000410756(工号)', '这是喃闷搞，1000567189', '我是温州德佑新来的伙伴', '20161540', '现场也太刺激了吧！这个97年的小哥哥出乎意料地冷静！看来是被这个奖给整懵了。从来都没中过奖的他获得了人生第一套房， 再次恭喜他#免费抽中海景房#。本次全民新房节直播共发放了15张万元购房红包、20万元优惠券、1500张京东卡。买新房选贝壳，我们双十一购房节再见！']"
https://m.weibo.cn/status/Jqz25aRtt?mblogid=Jqz25aRtt&luicode=10000011&lfid=1076036512266446,Fri Oct 23 22:03:39 +0800 2020,#免费抽中海景房# 他来了他来了，恭喜四川97年小伙喜提0元海景房一套！贝壳全民新房节0元欧皇终于诞生！转发本条微博抽10个100元红包，让我们一起吸吸欧气~ 抽奖详情,61,144,572,"['啊，我忘记看直播了', '洗衣服就这么错过了', '吸欧气', '', '转发微博', '#免费抽中海景房# 从小到大没中过奖的+1', '吸吸欧皇气', '吸吸欧气', '转发微博', '囍', '#免费抽中海景房#', '#免费抽中海景房#', '#免费抽中海景房#', '#免费抽中海景房#', '#免费抽中海景房#']"
https://m.weibo.cn/status/JqydV7Dkz?mblogid=JqydV7Dkz&luicode=10000011&lfid=1076036512266446,Fri Oct 23 20:00:03 +0800 2020,#免费抽中海景房#直播已开始，戳网页链接 即可观看。金牌房产主播带你看遍北上深优质楼盘。除最大奖品海景房外，本场直播还有万元购房红包、数量丰厚的京东卡、搬家保洁优惠券红包雨......多场惊喜就等你来！转发本条微博，10.29@微博抽奖平台 抽5个100元红包，一起见证0元欧皇的诞生吧~ 抽奖详情,219,298,1059,"['#免费抽中海景房#，@微博抽奖平台 ，100，', '#免费抽中海景房#', '#免费抽中海景房#租房找贝壳', '鉴证', '爱了', '给力了', '来了', '#免费抽中海景房#', '想做欧皇', '转发微博', '#免费抽中海景房#', '#免费抽中海景房#', '#免费抽中海景房#租房找贝壳', '#免费抽中海景房#', '#免费抽中海景房#']"
https://m.weibo.cn/status/JqxPzqfnJ?mblogid=JqxPzqfnJ&luicode=10000011&lfid=1076036512266446,Fri Oct 23 19:00:04 +0800 2020,#免费抽中海景房# 距离直播开始还有2小时，还没上车的朋友们赶紧啦~戳网页链接即可观看直播，是不是等不及抽海景房啦，再来一条海景房VR视频室内揭秘，身临其境感受大（you）海（fang）边（ren）的快乐！ 贝壳找房的微博视频,4,3,9,['求求你们了，把租金押金退给我吧']
https://m.weibo.cn/status/Jqx9M2WRJ?mblogid=Jqx9M2WRJ&luicode=10000011&lfid=1076036512266446,Fri Oct 23 17:17:06 +0800 2020,今日，中国房地产估价师与房地产经纪人学会新经纪品牌专业委员会主办的“新经纪·新交易·新品质”在京举行，共同探讨行业服务品质。现场，链家、21世纪不动产、德佑、住商不动产、正大房产、百年行等21个新经纪品牌联合倡议，共同支持并将推进行业资金存管服务，从而为消费者提供更安全、便捷的房产经纪服务。,9,4,6,"['能不能送我点贝壳币', '求你们做个人吧，我一个应届生在成都被你们逼到抑郁了']"
https://m.weibo.cn/status/JqvZ2dMJa?mblogid=JqvZ2dMJa&luicode=10000011&lfid=1076036512266446,Fri Oct 23 14:17:54 +0800 2020,最近，生活对你动手了吗？关注@贝壳找房 @美的置业 ，带话题#这次是生活先动的手#转发，吐一吐生活糟心事，一起来抱团取暖、赢丰厚奖励↓↓@微博抽奖平台 10.30抽2位各送【100元京东卡】。 抽奖详情,18,43,154,"['#这次是生活先动的手#', '#这次是生活先动的手#', '#这次是生活先动的手#报团取暖', '#这次是生活先动的手#', '#这次是生活先动的手#', '#这次是生活先动的手# //@贝壳找房 :最近，生活对你动手了吗？关注@贝壳找房 @美的置业 ，带话题#这次是生活先动的手# 转发，吐一吐生活糟心事，一起来抱团取暖、赢丰厚奖励↓↓@微博抽奖平台 10.30抽2位各送【100元京东卡】。', '#这次是生活先动的手#//@贝壳找房:最近，生活对你动手了吗？关注@贝壳找房 @美的置业 ，带话题#这次是生活先动的手#转发，吐一吐生活糟心事，一起来抱团取暖、赢丰厚奖励↓↓@微博抽奖平台 10.30抽2位各送【100元京东卡】。', '#这次是生活先动的手#//@贝壳找房:最近，生活对你动手了吗？关注@贝壳找房 @美的置业 ，带话题#这次是生活先动的手#转发，吐一吐生活糟心事，一起来抱团取暖、赢丰厚奖励↓↓@微博抽奖平台 10.30抽2位各送【100元京东卡】。', '#这次是生活先动的手# //@贝壳找房:最近，生活对你动手了吗？关注@贝壳找房 @美的置业 ，带话题#这次是生活先动的手#转发，吐一吐生活糟心事，一起来抱团取暖、赢丰厚奖励↓↓@微博抽奖平台 10.30抽2位各送【100元京东卡】。', '#这次是生活先动的手# //@贝壳找房:最近，生活对你动手了吗？关注@贝壳找房 @美的置业 ，带话题#这次是生活先动的手#转发，吐一吐生活糟心事，一起来抱团取暖、赢丰厚奖励↓↓@微博抽奖平台 10.30抽2位各送【100元京东卡】。', '#这次是生活先动的手#转发//@贝壳找房:最近，生活对你动手了吗？关注@贝壳找房 @美的置业 ，带话题#这次是生活先动的手#转发，吐一吐生活糟心事，一起来抱团取暖、赢丰厚奖励↓↓@微博抽奖平台 10.30抽2位各送【100元京东卡】。 抽奖详情', '#这次是生活先动的手# //@贝壳找房:最近，生活对你动手了吗？关注@贝壳找房 @美的置业 ，带话题#这次是生活先动的手#转发，吐一吐生活糟心事，一起来抱团取暖、赢丰厚奖励↓↓@微博抽奖平台 10.30抽2位各送【100元京东卡】。 抽奖详情', '#这次是生活先动的手#//@贝壳找房:最近，生活对你动手了吗？关注@贝壳找房 @美的置业 ，带话题#这次是生活先动的手#转发，吐一吐生活糟心事，一起来抱团取暖、赢丰厚奖励↓↓@微博抽奖平台 10.30抽2位各送【100元京东卡】。 抽奖详情', '#这次是生活先动的手# //@贝壳找房:最近，生活对你动手了吗？关注@贝壳找房 @美的置业 ，带话题#这次是生活先动的手#转发，吐一吐生活糟心事，一起来抱团取暖、赢丰厚奖励↓↓@微博抽奖平台 10.30抽2位各送【100元京东卡】。 抽奖详情', '#这次是生活先动的手# //@贝壳找房:最近，生活对你动手了吗？关注@贝壳找房 @美的置业 ，带话题#这次是生活先动的手#转发，吐一吐生活糟心事，一起来抱团取暖、赢丰厚奖励↓↓@微博抽奖平台 10.30抽2位各送【100元京东卡】。']"
https://m.weibo.cn/status/JquLquhZ4?mblogid=JquLquhZ4&luicode=10000011&lfid=1076036512266446,Fri Oct 23 11:11:37 +0800 2020,重要的事情要说三遍！今晚海景房海景房海景房等你来拿！,3,3,5,['打破3赞0回复尴尬局面']
https://m.weibo.cn/status/JqtU1yhte?mblogid=JqtU1yhte&luicode=10000011&lfid=1076036512266446,Fri Oct 23 09:00:04 +0800 2020,#免费抽中海景房# 距离直播开始已经不到12个小时，为大家揭晓今天的主播——真叫卢俊、真有好房创始人，全民新房节首席推荐官@真叫卢俊 ，扫码预约直播，一起见证0元欧皇的诞生。,5,3,76,"['早安 打工人', '求你们平台可怜可怜我']"
https://m.weibo.cn/status/JqlgfadtX?mblogid=JqlgfadtX&luicode=10000011&lfid=1076036512266446,Thu Oct 22 11:00:04 +0800 2020,在星空下入睡，在海浪声中醒来.....57㎡海滨单身公寓，从阳台就能看见东海，栗色系房间充满温暖，这就是我们送你的礼物。#免费抽中海景房#，戳网页链接 即有机会0元拿下。带话题转发，10.28@微博抽奖平台 揪5个小可爱送上100元现金红包~ 贝壳找房的微博视频 抽奖详情,46,102,1475,"['#免费海景房# 试试手气', '0元秒杀海景房，行动行动行动', '#免费抽中海景房# 盛鑫李某人来碰碰运气', '#免费抽中海景房# 海景房不指望了，100元争取一下', '感谢金主爸爸@贝壳找房', '#免费抽中海景房# 试试运气嘻嘻', '#免费海景房#', '不错呀', '#免费抽中海景房# 试试运气', '。#免费抽中海景房#脱非入欧', '礼物。#免费抽中海景房#，戳', '#免费抽中海景房#', '#免费抽中海景房#', '能告诉我为啥vr专家认证那么难吗？过了几天了没过去', '！！！！我居然中了！？？！']"
https://m.weibo.cn/status/Jqktwk9Zc?mblogid=Jqktwk9Zc&luicode=10000011&lfid=1076036512266446,Thu Oct 22 09:00:03 +0800 2020,#免费抽中海景房#距离欧皇诞生只有1天啦，今天我们会带大家看看海景房长啥样，扫码参与报名，没准梦幻海景房就是你的哦~,2,8,135,"['粤西贝壳找房 中山', '#免费抽中海景房# 花落谁家，坐等明日，贝壳#全民新房节#', '转发微博', '贝壳找房+中山', '#免费抽中海景房# 贝壳全民新房节厉害了，抽奖我们是认真的。26706829', '明天，年度最靓仔就要揭晓了！搏一搏，马上就是有海景房的人了！#免费抽中海景房# #贝壳宁波#']"
https://m.weibo.cn/status/JqeYzqyQ6?mblogid=JqeYzqyQ6&luicode=10000011&lfid=1076036512266446,Wed Oct 21 19:00:03 +0800 2020,天天喊我们送房，那这次就玩个大的贝壳#全民新房节#喊你来提房啦！23日晚八点贝壳直播间，一套免费的海景房等你秒杀。刺不刺激，惊不惊喜？赶快扫码报名抢抽奖资格！#免费抽中海景房#，2020欧皇就是你！转发此条微博，27日@微博抽奖平台 抽5个小可爱送百元现金红包！ 抽奖详情,211,292,3890,"['不奢求啥了就指望中套房 半夜研究了老久规则', '就想问问哪个直播间。。', '网页链接戳链接也可以报名哦', '北京、天津、长沙的朋友们可以将位置切换成其他城市参与。', '贝壳#全民新房节#喊你来提房啦！23日晚八点贝壳直播间，一套免费的海景房等你秒杀。刺不刺激，惊不惊喜？赶快来抢抽奖资格！#免费抽中海景房#，2020欧皇就是你！', '激动ing...', '我的天啦！！', '怎么参与抽奖', '喔喔，我要欧气一下。', '#免费抽中海景房#壕', '转发微博', '冲', '贝壳#全民新房节#喊你来提房啦！23日晚八点贝壳直播间，一套免费的海景房等你秒杀。刺不刺激，惊不惊喜？赶快来抢抽奖资格！#免费抽中海景房#，2020欧皇就是你！', '', '']"
https://m.weibo.cn/status/JqcdG2zAr?mblogid=JqcdG2zAr&luicode=10000011&lfid=1076036512266446,Wed Oct 21 11:59:02 +0800 2020,晚上：别睡！买它！早上：别睡！起床挣钱买它！#双十一定金# #我的双11身份#,3,4,3,['秒杀的直播间是哪个app啊']
https://m.weibo.cn/status/Jq40RfhOv?mblogid=Jq40RfhOv&luicode=10000011&lfid=1076036512266446,Tue Oct 20 15:05:29 +0800 2020,#外国人中国购房报告# #老外在中国怎么住# 据《国际客户居住服务报告》，韩国人移居中国数量最多，占贝壳平台上城市国际客户总量的18.1%。此外，北上广深四城国际客户居住服务交易量占到了全国总交易的一半左右，其中上海对外国友人居住吸引力最强。从城市内部来看，北望京、南蛇口，东徐家汇、西桐梓林是全国四大外籍人口聚居区。@李文杰,3,2,3,[]
https://m.weibo.cn/status/Jq25rFT6Y?mblogid=Jq25rFT6Y&luicode=10000011&lfid=1076036512266446,Tue Oct 20 10:11:18 +0800 2020,#早安打工人#我已经打工1小时了，你们呢？,4,4,1,"['打工人，打工魂，打工都是人上人', '好久不见']"
https://m.weibo.cn/status/JpWQh9Ymh?mblogid=JpWQh9Ymh&luicode=10000011&lfid=1076036512266446,Mon Oct 19 20:50:11 +0800 2020,#中国首部房产经纪纪录片#你有好奇过，父母辈是怎么买房的吗？在房产交易历史上，谁是第一个“吃螃蟹”的人？房产经纪行业又是怎么野蛮生长、洗牌后再发展的？《街角风云》这部纪录片，我先看为敬@腾讯新闻财约你,13,1,3,[]
https://m.weibo.cn/status/JpS623zfW?mblogid=JpS623zfW&luicode=10000011&lfid=1076036512266446,Mon Oct 19 08:45:15 +0800 2020,在地铁站过安检的时候检测仪一直响，安检人员让我把所有的东西都掏出来检查过了还是一直响，然后他问我干什么的，我说我打工的，他说好家伙，难怪检测出了钢铁般的意志！早上好，打工人！本周的第一个工作日，撸起袖子加油干！,11,9,3,"['给我一个给贝壳打工的机会', '希望今天能接到hr的oc', '加油', '好梗，借走要去发个朋友圈。', '加油', '重庆闹海房永不言弃']"
https://m.weibo.cn/status/JptQ2gFj6?mblogid=JptQ2gFj6&luicode=10000011&lfid=1076036512266446,Fri Oct 16 18:59:55 +0800 2020,2020年IDC中国数字化转型年度盛典，共吸引了超过1000家企业参与，竞争“数字化转型”的相关奖项。贝壳找房凭借VR技术在居住服务领域的首次大规模落地应用，以及对消费者选房、看房、购房场景的数字化重塑，最终从海量案例中脱颖而出，获得了“IDC年度数字化转型颠覆者”。,2,2,4,[]
https://m.weibo.cn/status/Jp9139SXz?mblogid=Jp9139SXz&luicode=10000011&lfid=1076036512266446,Wed Oct 14 13:59:22 +0800 2020,有人拼单吗？我在家看江景，你出钱买房那种 上海 贝壳找房的微博视频,10,1,1,[]
https://m.weibo.cn/status/Jp7AIrtRc?mblogid=Jp7AIrtRc&luicode=10000011&lfid=1076036512266446,Wed Oct 14 10:21:46 +0800 2020,划重点！对于年轻人来说，高流动性—房价友好型城市是不错的选择，比如成都、西安、武汉、嘉兴、无锡、佛山、南通、青岛等,2,2,1,['没有重庆吗！']
https://m.weibo.cn/status/JoAVWytbg?mblogid=JoAVWytbg&luicode=10000011&lfid=1076036512266446,Sat Oct 10 23:13:25 +0800 2020,#如果每月收租60万#在上海，只出租一套房也能实现每月收租60万。,9,5,2,['一般这种情况我会考虑我能不能付得起这个物业费']
https://m.weibo.cn/status/JoxFg6NAG?mblogid=JoxFg6NAG&luicode=10000011&lfid=1076036512266446,Sat Oct 10 14:54:04 +0800 2020,哈喽，要来和我做同事吗？工位、导师、按摩师、美甲师都安排好了，就等你了~ 贝壳找房的微博视频,9,9,10,"['按摩师，美甲师？', '入职标准是什么？？？']"
https://m.weibo.cn/status/JolEFa5Oe?mblogid=JolEFa5Oe&luicode=10000011&lfid=1076036512266446,Fri Oct 09 08:19:38 +0800 2020,#上班第一天#上班第一天，你遇到了啥？我遇到了早高峰,6,6,0,"['睡神', '早上好呀～', '已经连上10天了，放假是什么', '小编你好，这是我刚刚发的票圈“半夜看到链家给我家老房子拍的vr照片，那是十多年前住的地方。想起家电家具原本的位置，想起自己在什么角落里藏了什么东西，想起那个经常堵塞马桶。如果能把这个照片文件保留下来于我是一件很有意义的事情。”']"
https://m.weibo.cn/status/JmYV1wZrM?mblogid=JmYV1wZrM&luicode=10000011&lfid=1076036512266446,Wed Sep 30 08:36:28 +0800 2020,都来说说，放假前最后一天，你们都是什么心情？高兴得哼起小歌儿的有没有,9,23,0,"['坐不住的心情', '趣图评论 评论配图', '哪有假放', '开心开心 评论配图', '不放假', '不放假，希望大家都出去玩，让我把客户都签了，然后别人回来上班，我月底避开旅游高峰期出去玩', '你好，我是通过贝壳买了房的顾客，有事咨询，不知道方不方便', '加班啊', '人家都放假了', '哈哈哈哈哈。心中有数有歌自然嗨', '4天放完了，今天开始上班', '不放假，抢的票被迫退了，不开森', '垃圾，连投诉电话都没人接', '经纪人有放假的？', '你家APP崩溃了么？']"
https://m.weibo.cn/status/JmKsQlbl5?mblogid=JmKsQlbl5&luicode=10000011&lfid=1076036512266446,Mon Sep 28 19:48:35 +0800 2020,不是吧不是吧？竟然有人说我只送月饼，不够有诚意！向来宠粉的我这就安排上第二波福利！关注@贝壳找房 ，转发此条微博，艾特一个你假期最想见的朋友，10月1日@微博抽奖平台 ，抽28位幸运鹅各送出2张@阿那亚Aranya 音乐节门票！10月5、6日，我在北戴河，和#重塑雕像的权利#、#盘尼西林#、#达达乐队#等滚圈大佬等你来蹦迪！#贝壳有礼# 抽奖详情,18,74,76,"['早上好哦～', '@新浪财经 一起阿亚那', '@YouTube正流行 来啊，阿那亚', '@追星少年欧气冲天', '@卷毛花卷儿 🙏', '@逆_针尖天使 找房，找乐', '@不是你的深_ 说不定能提前见面', '我想带我的姐妹@优秀且欧气 蹦个迪', '@·阿尔卑斯山的小葵酱·', '垃圾，连投诉电话都没人接', '@绒绒沐酱', '好气 没中', '哼', '@x-缺心眼子 冲冲冲', '@神经病林木木 来了']"
https://m.weibo.cn/status/JmGCn5L64?mblogid=JmGCn5L64&luicode=10000011&lfid=1076036512266446,Mon Sep 28 10:01:04 +0800 2020,奶茶、酸豆角、火锅底料…就连螺蛳粉也对月饼下手了！万物皆可做馅儿，贝壳也不例外！关注@贝壳找房 ，转发此条微博，说出你最喜欢的月饼口味，9月30日@微博抽奖平台 ，抽3位幸运鹅送出同款贝壳中秋礼盒！让我康康是谁，能够尝到我的手艺~#贝壳有礼# 抽奖详情,64,151,167,"['中秋快乐🎑', '好精致喜欢😍', '除了送月饼，还有啥', '最近喜欢云腿月饼！', '榴莲口味的月饼', '天啊，这些口味。我感觉我还是只能接受甜口的。', '这也太可爱了叭！！天哪！！有莲蓉口味吗我不挑（流口水.jpg）', '芙蓉和火腿！', '', '', '', '好精致我喜欢😍', '', '蛋黄馅', '豆沙馅的']"
https://m.weibo.cn/status/JmjVl2NXo?mblogid=JmjVl2NXo&luicode=10000011&lfid=1076036512266446,Sat Sep 26 00:14:37 +0800 2020,#0元买房，谁是欧皇#说好的免费送海景房真的来了！贝壳全民新房节今日启动，戳链接报名参与0元海景房抽奖，10月23日神秘嘉宾直播开奖。#秋天的第一套海景房#必须给你们安排上🏠网页链接,7,9,12,"['#0元买房,谁是欧皇# 让我康康是谁还不知道这个好消息！0元秒杀海景房真的来了！', '为什么贝壳成交房源的实景VR和照片都看不到了，只有一张户型图？请你们解释一下', '', '', '为啥不是微博抽']"
https://m.weibo.cn/status/Jmg1xfkur?mblogid=Jmg1xfkur&luicode=10000011&lfid=1076036512266446,Fri Sep 25 14:18:53 +0800 2020,都来说说，是想要房还是京东卡,4,8,3,"['要offer', '房', '垃圾，连投诉电话都没人接', '害 两个都得不到', '贝壳币有吗', '房', '都要', '都要']"
https://m.weibo.cn/status/Jm02yydTf?mblogid=Jm02yydTf&luicode=10000011&lfid=1076036512266446,Wed Sep 23 21:37:28 +0800 2020,今天有收到#秋天的第一杯奶茶#嘛，没有的话贝壳要送你#秋天的第一套海景房#了！贝壳全民新房节启动在即，我们准备了一套房免费送给你，转发这条微博准备好小板凳，25日晚9点@微博抽奖平台 抽10个幸运鹅每人100元京东卡，顺便告诉你如何参与抽奖哦，走过路过不要错过，看看#0元买房，谁是欧皇# 抽奖详情,39,252,306,"['听说评论可以抽房子', '噗、能不能黑幕我一下', '来个offer就行', '好想拥有一套属于自己的房子。#0元买房，谁是欧皇#', '明天是个好日子', '来了', '可以可以', '作为员工，你该不该潜我一下？', '[加油]', '我可以😄', '？！！0元买房 我先来一套', '垃圾，连投诉电话都没人接', '', '就没看懂啥叫0元购房', '刚买了房，但是不介意再来一套']"
https://m.weibo.cn/status/Jm00pyOnS?mblogid=Jm00pyOnS&luicode=10000011&lfid=1076036512266446,Wed Sep 23 21:32:11 +0800 2020,不愧是山城！你们想住在这样的“重庆森林”吗@李文杰,0,1,2,['没想到重庆力压一线成为第一//@贝壳找房:不愧是山城！你们想住在这样的“重庆森林”吗@李文杰']
https://m.weibo.cn/status/JlYUozFD8?mblogid=JlYUozFD8&luicode=10000011&lfid=1076036512266446,Wed Sep 23 18:44:37 +0800 2020,有谁要送小贝壳一份#秋天的第一杯奶茶# 嘛？超多珍珠的那种！（没有的话，我晚点再来问一次,6,6,0,"['小贝我要！快送到我店里！', '我有，私信给你', '现在去开奶茶店还有机会吗', '怎么送。我来。', '想送你不知道怎么送', '或许你可以送我一杯']"
https://m.weibo.cn/status/JlX8UgA7r?mblogid=JlX8UgA7r&luicode=10000011&lfid=1076036512266446,Wed Sep 23 14:14:52 +0800 2020,#上海落户# 是否要在一座城市定居发展，房价是重要的影响因素。根据贝壳找房平台真实交易数据，8月上海房子均价53513元/㎡。赶上政策的朋友，你们会留在上海工作生活吗？,3,4,1,"['和贝壳一起，为了更美好的居住#韩国推离婚夫妇重聚生活综艺#', '那么看来惠南的房子可真是便宜了哦']"
https://m.weibo.cn/status/JlOFl6Qcm?mblogid=JlOFl6Qcm&luicode=10000011&lfid=1076036512266446,Tue Sep 22 16:40:03 +0800 2020,#VR看房，低碳安家# 你每用一次VR看房，都是在浇灌1棵专属小树苗。贝壳找房携手@阿拉善SEE公益机构 发起蓝海行动，@中国女排 邀请你一起足不出户守护蓝色海洋！关注@贝壳找房 并转发此条微博，9月29日，抽4位粉丝送出价值100元的京东E卡。爱环保的你一定会被幸运之神眷顾哦@微博抽奖平台 贝壳找房的微博视频 抽奖详情,118,251,462,"['点击链接参与活动，一起守护蓝色海洋👉网页链接', '👏👏👏', '#VR看房，低碳安家# 一起足不出户守护蓝色海洋！', '#VR看房，低碳安家# 一起足不出户守护蓝色海洋！', '#VR看房，低碳安家# 一起足不出户守护蓝色海洋！', '低碳出行', '责任', '爱护环境', '幸运鹅', '#VR看房，低碳安家# 你每用一次VR看房，都是在浇灌1棵专属小树苗。贝壳找房携手@阿拉善SEE公益机构 发起蓝海行动，@中国女排 邀请你一起足不出户守护蓝色海洋！', '#VR看房，低碳安家#', '#VR看房，低碳安家#曾梦想仗剑走天涯，后来事太多就没去！', '哇塞', '#VR看房，低碳安家# 一起足不出户守护蓝色海洋！', '#VR看房，低碳安家# 一起足不出户守护蓝色海洋！']"
https://m.weibo.cn/status/JlMs1oMrM?mblogid=JlMs1oMrM&luicode=10000011&lfid=1076036512266446,Tue Sep 22 11:01:45 +0800 2020,#2020年仅剩100天# 快来评论区留下你的愿望吧～说不定一不小心就实现了呢,5,30,1,"['我想有三百个贝壳币买吊顶潜客包', '暴富', '想过上理想的生活', '小贝壳，帮我买套房子，不用花钱的那种', '我想平台互转不用等一年', '愿世界和平，愿父母、朋友身体健康，愿同事辛苦几年都能够拥有自己的小房子🏠，哎呀，愿望太多了', '贝壳oc', '黑金会员', '当然是多开几单', '多来一点上户，我想冲金鹰社，我想去人民大会堂', '装修快快上线', '我想要588个贝壳币买黑金会员实在不行赞助我个社区广告也可以', '开单不能停！', '丽兹行欢迎您', '接下来每个月卖开两单买卖吧']"
https://m.weibo.cn/status/Jl5B9wICR?mblogid=Jl5B9wICR&luicode=10000011&lfid=1076036512266446,Thu Sep 17 21:56:08 +0800 2020,独居，到底是孤独，还是享受？你们觉得呢？@李文杰,6,1,2,['享受是大多时候，偶尔会孤独']
https://m.weibo.cn/status/Jl3DfcHN7?mblogid=Jl3DfcHN7&luicode=10000011&lfid=1076036512266446,Thu Sep 17 16:55:47 +0800 2020,#乱穿衣的季节又到了#怕冷的我早就戴上了围巾,13,11,2,"['#又到了乱穿的季节# 怕冷的我早就用起了 VR 看房看 20 公里以外的屋子', '好可爱 作为前线工作人员能不能送我一个 😂', '我也想要', '好可爱', '哈哈哈哈哈哈哈', '闹海这个豆', '能不能发一个抱枕', '送我一条呗我有三个小贝']"
https://m.weibo.cn/status/JkUB6vElJ?mblogid=JkUB6vElJ&luicode=10000011&lfid=1076036512266446,Wed Sep 16 17:55:48 +0800 2020,#超6成90后想购房独居# 独居，是真香还是真惨？调查数据显示，4成独居90后表示自己“经常感到幸福”，而认为自己“经常感到孤独”的仅占2成。此外，超七成90后认为未来独居将成趋势，超六成意向“购房独居”。有了房子，便有了安全感，也增添了独居的底气。,3,2,4,"['90后的小伙伴，有没有说中的？', '害怕孤独 还是喜欢两个人 哪怕是吵架拌嘴']"
https://m.weibo.cn/status/JkS5ovucF?mblogid=JkS5ovucF&luicode=10000011&lfid=1076036512266446,Wed Sep 16 11:32:10 +0800 2020,贝壳 X “乐夏”甜心教主@马赛克乐队mosaic 全新单曲《We Shell Dream》惊喜上线！跟着我们燥起来吧~,16,3,3,"['🥣别说 还挺好听挺洗脑的//@贝壳找房:贝壳 X “乐夏”甜心教主@马赛克乐队mosaic 全新单曲《We Shell Dream》惊喜上线！跟着我们燥起来吧~', '广告歌也出乎意料的好听']"
https://m.weibo.cn/status/JkS4b9vy6?mblogid=JkS4b9vy6&luicode=10000011&lfid=1076036512266446,Wed Sep 16 11:29:10 +0800 2020,#独居青年生活图鉴# #超半数90后期待出租屋恋情# 单身独居的时候，你会想要找人陪伴吗？调查数据显示，超6成的单身独居90后渴望在一年内脱单，仅不到1成的人奉行“单身主义”。此外，超半数90后期待过“出租屋恋情”，他们认为日久生情很自然，彼此熟悉的人更靠谱。,6,0,0,[]
https://m.weibo.cn/status/JkJ0J5gQB?mblogid=JkJ0J5gQB&luicode=10000011&lfid=1076036512266446,Tue Sep 15 12:25:57 +0800 2020,给所有滴滴师傅和考生们鼓掌，你们的坚持和努力终于有了收获！快来和贝壳一起为#滴滴橙果计划#司机家庭打call~转发说说你对新生们的祝福，9月25日，@微博抽奖平台 抽3人各送【100元滴滴打车卡一张】 抽奖详情,6,29,52,"['//@贝壳找房:给所有滴滴师傅和考生们鼓掌，你们的坚持和努力终于有了收获！快来和贝壳一起为#滴滴橙果计划#司机家庭打call~转发说说你对新生们的祝福，9月25日，@微博抽奖平台 抽3人各送【100元滴滴打车卡一张】', '滴滴//@贝壳找房:给所有滴滴师傅和考生们鼓掌，你们的坚持和努力终于有了收获！快来和贝壳一起为#滴滴橙果计划#司机家庭打call~转发说说你对新生们的祝福，9月25日，@微博抽奖平台 抽3人各送【100元滴滴打车卡一张】', '转发//@贝壳找房:给所有滴滴师傅和考生们鼓掌，你们的坚持和努力终于有了收获！快来和贝壳一起为#滴滴橙果计划#司机家庭打call~转发说说你对新生们的祝福，9月25日，@微博抽奖平台 抽3人各送【100元滴滴打车卡一张】', '//@贝壳找房:给所有滴滴师傅和考生们鼓掌，你们的坚持和努力终于有了收获！快来和贝壳一起为#滴滴橙果计划#司机家庭打call~转发说说你对新生们的祝福，9月25日，@微博抽奖平台 抽3人各送【100元滴滴打车卡一张】', '噜啦噜啦嘞', '//@贝壳找房:给所有滴滴师傅和考生们鼓掌，你们的坚持和努力终于有了收获！快来和贝壳一起为#滴滴橙果计划#司机家庭打call~转发说说你对新生们的祝福，9月25日，@微博抽奖平台 抽3人各送【100元滴滴打车卡一张】', '你们的APP可以被多人多设备登录，改了密码别人还是可以无门槛登录，其他人不会被迫下线，贝壳找房程序bug泄露客户隐私，在线客服是摆设。', '争分夺秒，时光飞逝//@贝壳找房:给所有滴滴师傅和考生们鼓掌，你们的坚持和努力终于有了收获！快来和贝壳一起为#滴滴橙果计划#司机家庭打call~转发说说你对新生们的祝福，9月25日，@微博抽奖平台 抽3人各送【100元滴滴打车卡一张】', '#滴滴橙果计划# 一切顺利吧//@贝壳找房:给所有滴滴师傅和考生们鼓掌，你们的坚持和努力终于有了收获！快来和贝壳一起为#滴滴橙果计划#司机家庭打call~转发说说你对新生们的祝福，9月25日，@微博抽奖平台 抽3人各送【100元滴滴打车卡一张】', '好//@贝壳找房:给所有滴滴师傅和考生们鼓掌，你们的坚持和努力终于有了收获！快来和贝壳一起为#滴滴橙果计划#司机家庭打call~转发说说你对新生们的祝福，9月25日，@微博抽奖平台 抽3人各送【100元滴滴打车卡一张】', 'iOS app AI设计没有退出键啊', '//@贝壳找房:给所有滴滴师傅和考生们鼓掌，你们的坚持和努力终于有了收获！快来和贝壳一起为#滴滴橙果计划#司机家庭打call~转发说说你对新生们的祝福，9月25日， 抽3人各送【100元滴滴打车卡一张】', '棒棒哒//@贝壳找房: 给所有滴滴师傅和考生们鼓掌，你们的坚持和努力终于有了收获！快来和贝壳一起为#滴滴橙果计划#司机家庭打call~转发说说你对新生们的祝福，9月25日，@微博抽奖平台 抽3人各送【100元滴滴打车卡一张】', '加油//@贝壳找房:给所有滴滴师傅和考生们鼓掌，你们的坚持和努力终于有了收获！快来和贝壳一起为#滴滴橙果计划#司机家庭打call~转发说说你对新生们的祝福，9月25日，@微博抽奖平台 抽3人各送【100元滴滴打车卡一张】', '学业有成//@贝壳找房:给所有滴滴师傅和考生们鼓掌，你们的坚持和努力终于有了收获！快来和贝壳一起为#滴滴橙果计划#司机家庭打call~转发说说你对新生们的祝福，9月25日，@微博抽奖平台 抽3人各送【100元滴滴打车卡一张】']"
https://m.weibo.cn/status/JkzD7haZM?mblogid=JkzD7haZM&luicode=10000011&lfid=1076036512266446,Mon Sep 14 12:33:04 +0800 2020,#房价地图# 8月房价地图出炉，涨幅在5%及以上的城市为深圳、上海、厦门、南京、杭州、广州等。戳链接，了解更多城市的房价👉最新城市房价地图出炉！25个城市、249个区域的真实交易价格都在这了,6,2,6,"['#房价地图# 8月房价地图出炉，南京的朋友看过来~', '没有温州市']"
https://m.weibo.cn/status/Jk9CMlHZM?mblogid=Jk9CMlHZM&luicode=10000011&lfid=1076036512266446,Fri Sep 11 18:20:49 +0800 2020,换房成本平均116万、两成换房人群向外迁移…贝壳4万次换房交易背后，竟然隐藏了这些秘密@李文杰,1,2,1,['//@贝壳找房:换房成本平均116万、两成换房人群向外迁移…贝壳4万次换房交易背后，竟然隐藏了这些秘密@李文杰']
https://m.weibo.cn/status/JjZzlhdxE?mblogid=JjZzlhdxE&luicode=10000011&lfid=1076036512266446,Thu Sep 10 16:44:52 +0800 2020,今天这个特殊的日子，@贝壳找房 和@格兰仕 一起祝老师们节日快乐！带话题#格兰仕928超级品牌日#转发本微博，9.19@微博抽奖平台 抽一人【送价值559元的微波炉】更多好礼928直播#钜惠出格，拼尽全力#哦~ 记得关注！ 抽奖详情,120,376,2123,"['#格兰仕928超级品牌日#//@贝壳找房:今天这个特殊的日子，@贝壳找房 和@格兰仕 一起祝老师们节日快乐！带话题#格兰仕928超级品牌日#转发本微博，9.19@微博抽奖平台 抽一人【送价值559元的微波炉】更多好礼928直播#钜惠出格，拼尽全力#哦~ 记得关注！ 抽奖详情', '#格兰仕928超级品牌日#//@贝壳找房:今天这个特殊的日子，@贝壳找房 和@格兰仕 一起祝老师们节日快乐！带话题#格兰仕928超级品牌日#转发本微博，9.19@微博抽奖平台 抽一人【送价值559元的微波炉】更多好礼928直播#钜惠出格，拼尽全力#哦~ 记得关注！ 抽奖详情', '#格兰仕928超级品牌日#//@贝壳找房:今天这个特殊的日子，@贝壳找房 和@格兰仕 一起祝老师们节日快乐！带话题#格兰仕928超级品牌日#转发本微博，9.19@微博抽奖平台 抽一人【送价值559元的微波炉】更多好礼928直播#钜惠出格，拼尽全力#哦~ 记得关注！ 抽奖详情', '#格兰仕928超级品牌日#//@贝壳找房:今天这个特殊的日子，@贝壳找房 和@格兰仕 一起祝老师们节日快乐！带话题#格兰仕928超级品牌日#转发本微博，9.19@微博抽奖平台 抽一人【送价值559元的微波炉】更多好礼928直播#钜惠出格，拼尽全力#哦~ 记得关注！ 抽奖详情', '#格兰仕928超级品牌日#//@贝壳找房:今天这个特殊的日子，@贝壳找房 和@格兰仕 一起祝老师们节日快乐！带话题#格兰仕928超级品牌日#转发本微博，9.19@微博抽奖平台 抽一人【送价值559元的微波炉】更多好礼928直播#钜惠出格，拼尽全力#哦~ 记得关注！ 抽奖详情', '#格兰仕928超级品牌日#//@贝壳找房:今天这个特殊的日子，@贝壳找房 和@格兰仕 一起祝老师们节日快乐！带话题#格兰仕928超级品牌日#转发本微博，9.19@微博抽奖平台 抽一人【送价值559元的微波炉】更多好礼928直播#钜惠出格，拼尽全力#哦~ 记得关注！ 抽奖详情', '#格兰仕928超级品牌日#', '格兰仕928超级品牌日 #格兰仕928超级品牌日# //@贝壳找房:今天这个特殊的日子，@贝壳找房 和@格兰仕 一起祝老师们节日快乐！带话题#格兰仕928超级品牌日#转发本微博，9.18@微博抽奖平台 抽一人【送价值559元的微波炉】更多好礼928直播#钜惠出格，拼尽全力#哦~ 记得关注！', '#格兰仕928超级品牌日#//@贝壳找房:今天这个特殊的日子，@贝壳找房 和@格兰仕 一起祝老师们节日快乐！带话题#格兰仕928超级品牌日#转发本微博，9.18@微博抽奖平台 抽一人【送价值559元的微波炉】更多好礼928直播#钜惠出格，拼尽全力#哦~ 记得关注！', '#格兰仕928超级品牌日#//@贝壳找房:今天这个特殊的日子，@贝壳找房 和@格兰仕 一起祝老师们节日快乐！带话题#格兰仕928超级品牌日#转发本微博，9.18@微博抽奖平台 抽一人【送价值559元的微波炉】更多好礼928直播#钜惠出格，拼尽全力#哦~ 记得关注！', '#格兰仕928超级品牌日# //@贝壳找房:今天这个特殊的日子，@贝壳找房 和@格兰仕 一起祝老师们节日快乐！带话题#格兰仕928超级品牌日#转发本微博，9.18@微博抽奖平台 抽一人【送价值559元的微波炉】更多好礼928直播#钜惠出格，拼尽全力#哦~ 记得关注！', '#格兰仕928超级品牌日#//@贝壳找房:今天这个特殊的日子，@贝壳找房 和@格兰仕 一起祝老师们节日快乐！带话题#格兰仕928超级品牌日#转发本微博，9.18@微博抽奖平台 抽一人【送价值559元的微波炉】更多好礼928直播#钜惠出格，拼尽全力#哦~ 记得关注！', '#格兰仕928超级品牌日#//@贝壳找房:今天这个特殊的日子，@贝壳找房 和@格兰仕 一起祝老师们节日快乐！带话题#格兰仕928超级品牌日#转发本微博，9.18@微博抽奖平台 抽一人【送价值559元的微波炉】更多好礼928直播#钜惠出格，拼尽全力#哦~ 记得关注！', '//@贝壳找房:今天这个特殊的日子，@贝壳找房 和@格兰仕 一起祝老师们节日快乐！带话题#格兰仕928超级品牌日#转发本微博，9.18@微博抽奖平台 抽一人【送价值559元的微波炉】更多好礼928直播#钜惠出格，拼尽全力#哦~ 记得关注！', '#格兰仕928超级品牌日#']"
https://m.weibo.cn/status/JjXHJzocJ?mblogid=JjXHJzocJ&luicode=10000011&lfid=1076036512266446,Thu Sep 10 12:00:04 +0800 2020,今日，贝壳找房联合创始人、CEO彭永东出席#2020腾讯全球数字生态大会#——未来经济峰会圆桌对话。彭永东表示，对“住”进行数字化的本质是提高消费者体验，居住服务是低频行业，越是低频行业服务品质越重要，创造价值才能创造长期品牌。未来，@腾讯云 将与贝壳实现更多联动和资源打通。,6,1,3,['期待～']
https://m.weibo.cn/status/JjXczl0YW?mblogid=JjXczl0YW&luicode=10000011&lfid=1076036512266446,Thu Sep 10 10:43:17 +0800 2020,#教师节# 职场生涯中，对你影响最大的“老师”是谁呢？你们现在还有联系吗？,2,2,0,"['同事，有', '陈总，对我影响最大']"
https://m.weibo.cn/status/JjO8s4HsA?mblogid=JjO8s4HsA&luicode=10000011&lfid=1076036512266446,Wed Sep 09 11:38:24 +0800 2020,和我们一起传递善意吧！,1,0,2,[]
https://m.weibo.cn/status/JjNptetql?mblogid=JjNptetql&luicode=10000011&lfid=1076036512266446,Wed Sep 09 09:47:35 +0800 2020,#9月顾家宠爱季#怎能少得了贝壳来宠你！！！跟紧@贝壳找房 @顾家家居 带话题转发分享你最想宠爱的TA，9月15日抽3位平分【300元宠粉JD卡】 抽奖详情,65,130,9198,"['天津21世纪加盟店老板，工作两年不给员工签劳动合同不给上保险，最后被告到劳动仲裁，员工胜诉，老板王铁强最后上诉到中级人民法院，现在正在强制执行中，王铁强拒不履行法院判决，更改法定代表人，现已进入失信人黑名单，请问你们贝壳不需要调查加盟店的资质嘛。', '#9月顾家宠爱季# @timberlakesvn //@贝壳找房:#9月顾家宠爱季#怎能少得了贝壳来宠你！！！跟紧@贝壳找房 @顾家家居 带话题转发分享你最想宠爱的TA，9月15日抽3位平分【300元宠粉JD卡】', '#9月顾家宠爱季# //@贝壳找房:#9月顾家宠爱季#怎能少得了贝壳来宠你！！！跟紧@贝壳找房 @顾家家居 带话题转发分享你最想宠爱的TA，9月15日抽3位平分【300元宠粉JD卡】', '#9月顾家宠爱季# //@贝壳找房:#9月顾家宠爱季#怎能少得了贝壳来宠你！！！跟紧@贝壳找房 @顾家家居 带话题转发分享你最想宠爱的TA，9月15日抽3位平分【300元宠粉JD卡】', '#9月顾家宠爱季#//@贝壳找房:#9月顾家宠爱季#怎能少得了贝壳来宠你！！！跟紧@贝壳找房 @顾家家居 带话题转发分享你最想宠爱的TA，9月15日抽3位平分【300元宠粉JD卡】', '#9月顾家宠爱季#//@贝壳找房:#9月顾家宠爱季#怎能少得了贝壳来宠你！！！跟紧@贝壳找房 @顾家家居 带话题转发分享你最想宠爱的TA，9月15日抽3位平分【300元宠粉JD卡】', '#9月顾家宠爱季# //@贝壳找房:#9月顾家宠爱季#怎能少得了贝壳来宠你！！！跟紧@贝壳找房 @顾家家居 带话题转发分享你最想宠爱的TA，9月15日抽3位平分【300元宠粉JD卡】', '贝壳旗下德佑，未经房东允许，在没有任何法律文件授权的情况下，伙同老赖以第三方个人明义擅自出租房屋，投诉多日无效，门店还向谎称已经协商解决。贝壳平台对门店失控，德佑中介拒不解决，客户权益无法保障！', '贝壳为啥总要强制性的加班', '抽奖重不重要的能不能让郑州贝壳德佑博颂路店店东胡二伟把欠我的两个月工资给我，本来该9月份发的工资，现在已经11月中旬了，赖着不给，9月份举报给品质部，调查了两个月也没个结果，联系调查的专员也不搭理我，请问，这么大的上市公司能把这小问题解决了不？', '你好，我想知道你们贝壳找房销售人员买房前答应返佣，我们买好了后期要资料也给了，反而告诉我返佣拿不到了，这种事情你们总公司管？', '#9月顾家宠爱季#//@贝壳找房:#9月顾家宠爱季#怎能少得了贝壳来宠你！！！跟紧@贝壳找房 @顾家家居 带话题转发分享你最想宠爱的TA，9月15日抽3位平分【300元宠粉JD卡】 抽奖详情', '#9月顾家宠爱季# //@贝壳找房:#9月顾家宠爱季#怎能少得了贝壳来宠你！！！跟紧@贝壳找房 @顾家家居 带话题转发分享你最想宠爱的TA，9月15日抽3位平分【300元宠粉JD卡】', '#9月顾家宠爱季#//@贝壳找房:#9月顾家宠爱季#怎能少得了贝壳来宠你！！！跟紧@贝壳找房 @顾家家居 带话题转发分享你最想宠爱的TA，9月15日抽3位平分【300元宠粉JD卡】', '#9月顾家宠爱季# //@贝壳找房:#9月顾家宠爱季#怎能少得了贝壳来宠你！！！跟紧@贝壳找房 @顾家家居 带话题转发分享你最想宠爱的TA，9月15日抽3位平分【300元宠粉JD卡】']"
https://m.weibo.cn/status/JjvfSy2rI?mblogid=JjvfSy2rI&luicode=10000011&lfid=1076036512266446,Mon Sep 07 11:34:31 +0800 2020,#全国入秋进程图# 你那里天气怎么样？ 你那里入秋了么？,27,2,0,['不管天气变冷还是变热，窝在被子里用手机 vr 看房表示租房一点都没耽搁']
https://m.weibo.cn/status/Jj4JXDqrM?mblogid=Jj4JXDqrM&luicode=10000011&lfid=1076036512266446,Fri Sep 04 16:04:29 +0800 2020,在线等，挺急的！你有什么好建议吗？ 第一次买房需要注意什么？,62,10,4,"['当然是直接选择 vr 看（毕竟两者兼顾），看得爽的话，自己也可以下载我们亲自拍拍看', '要有钱', '大平台 有保障！！！', '壳子', '贝壳找房安排上👍']"
https://m.weibo.cn/status/JiVSkEX6P?mblogid=JiVSkEX6P&luicode=10000011&lfid=1076036512266446,Thu Sep 03 17:30:23 +0800 2020,#C位雇主争夺战# 理想工作，由你定义！来贝壳，走上你的职场巅峰！识别我的专属页面↓，为我打分吧！@智联招聘 @贝壳找房 ，转发说说你心中的理想工作，9月7日抽取1位小伙伴送出职场必备“升职加薪筷”礼包。#2020最佳雇主# 抽奖详情,5,11,14,"['不用那么辛苦就行', '每天二十个人访问都做不到，要撤了', '知识转化为财富#2020最佳雇主#', '', '@大鼻子的快乐 升职加薪筷', '@智联招聘 @贝壳找房 理想工作当然是不用出门在家也能拿钱的那种咯', '@智联招聘 @贝壳找房 那必须是贝壳的工作啊！', '坐办公室每个时间段很充实但不用加班@贝壳找房 @智联招聘', '#C位雇主争夺战# 理想工作，由你定义！来贝壳，走上你的职场巅峰！识别我的专属页面↓，为我打分吧！@智联招聘 @贝壳找房 ，转发说说你心中的理想工作，9月7日抽取1位小伙伴送出职场必备“升职加薪筷”礼包。#2020最佳雇主#']"
https://m.weibo.cn/status/JiTB6Ar9P?mblogid=JiTB6Ar9P&luicode=10000011&lfid=1076036512266446,Thu Sep 03 11:42:27 +0800 2020,租房住会影响生活幸福感吗？你怎么看？来评论里聊一聊吧！ 租房住会影响生活幸福感吗？,62,3,0,['租房子住一辈子，以后孩子读书怎么办，同学聚会怎么办，都是老大不小的人，不可能一辈子没有房子，这个东西是无底洞']
https://m.weibo.cn/status/JiL1DsCxn?mblogid=JiL1DsCxn&luicode=10000011&lfid=1076036512266446,Wed Sep 02 13:53:05 +0800 2020,2020年，“贝壳赢亲情感恩行动”即将起航，席位已待，等你来突出重围！人民大会堂，我们11月见！详情戳赢亲情 | 人民大会堂，11月见！,4,8,0,"['好想去', '人这么少吗？', '咱买点粉丝吧', '哇']"
https://m.weibo.cn/status/JizP4rAKD?mblogid=JizP4rAKD&luicode=10000011&lfid=1076036512266446,Tue Sep 01 09:21:54 +0800 2020,#代入感太强已经住进别墅#学到了学到了！经纪人们在带看的时候也可以操练起来了！！不过说到代入感，想要足不出户、身临其境看好房，贝壳家的VR看房必须拥有姓名，还不快打开贝壳找房APP了解一下？,5,7,0,['进入VR后退不出来啊，那个页面。没有退出按钮。iOS']
https://m.weibo.cn/status/JhSymaJuS?mblogid=JhSymaJuS&luicode=10000011&lfid=1076036512266446,Thu Aug 27 19:12:37 +0800 2020,#北京四分之一二手房总价不超350万元# #100万首付在北京能买多大房子# 贝壳研究院数据显示，北京约有四分之一的二手房源总价在350万元以下（首付120万元左右）。在房源分布位置上，总价350万元以内房源中，大兴、房山、通州三个区约占47%，中心城区东城和西城可选择的余地并不多，合计占比仅为0.49%；朝阳、丰台、石景山、海淀四区合计占30.22%。首付百万，能在北京能买到什么房？,4,2,0,[]
https://m.weibo.cn/status/JhRQK4BbO?mblogid=JhRQK4BbO&luicode=10000011&lfid=1076036512266446,Thu Aug 27 17:25:10 +0800 2020,当拥有一套自己的房子时，你会怎么装修？#装修时都踩过哪些雷# 当拥有一套自己的房子时，你会怎么装修？,44,5,1,"['为什么要装修？', '啥时候出装修服务？', '看钱包呗，大家都想壕一下，但普通人买到房就已经虚光了🙈']"
https://m.weibo.cn/status/JhH04nZlC?mblogid=JhH04nZlC&luicode=10000011&lfid=1076036512266446,Wed Aug 26 13:47:55 +0800 2020,听说，大家都在聚划算#拜托了百亿补贴#许愿！或许，能不能许个关于贝壳的特别心愿呢？关注@贝壳找房 ，转评本条微博，8.31@微博抽奖平台 揪【1个】小可爱送【888元红包】！ 抽奖详情,181,527,770,"['#拜托了百亿补贴#', '#拜托了百亿补贴#', '#拜托了百亿补贴#', '#拜托了百亿补贴#', '#拜托了百亿补贴#', '涛姐最美', '好运', '来啦来啦', '', '来咯', '心愿就是换大平层', '这个app对他们平台上的房源和中介没有任何监管的，我租到甲醛房他们就只有协商，房东不让步他们就给我来一句让我去起诉，维权成本巨大～平台没有任何保障和强制措施，黑心app早日卸载保平安！', '转发微博', '转发微博', '转发微博']"
https://m.weibo.cn/status/JhykSvM3v?mblogid=JhykSvM3v&luicode=10000011&lfid=1076036512266446,Tue Aug 25 15:44:29 +0800 2020,50㎡昏暗开间如何大变身住5口人？“老破小”怎么拯救？户型改造需要注意什么？更多干货，扫码下方海报，敬请关注本周四被窝家装的直播！关注@贝壳找房 ，转发本博，8月28日@微博抽奖平台 选一位朋友送出「定制马克杯」！ 抽奖详情,13,14,30,"['想要定制马克杯', '好的', '期待！', '转发微博', '转发微博', '转发微博', '来啦', '有些设计看起来很美，空间利用率也很高，但是实用性不太强啊。', '哇。', '转发微博', '好@小小小烨阳']"
https://m.weibo.cn/status/JhxYH6zOF?mblogid=JhxYH6zOF&luicode=10000011&lfid=1076036512266446,Tue Aug 25 14:49:49 +0800 2020,#七夕# #超5成95后情侣同居房租AA# 贝壳研究院调研数据显示，95后情侣合租时，男女方AA支付房租占比超过五成，而在80后群体中这一比例未达到三成。分性别看，6成女生认同男女双方AA支付租金，男生赞同的比例仅占32%。 你认为情侣同居房租应该平摊吗？,68,2,2,['我参与了@贝壳找房 发起的投票【你认为情侣同居房租应该平摊吗？】，我投给了“不应该AA”这个选项，你也快来表态吧~']
https://m.weibo.cn/status/JhwFBzbDN?mblogid=JhwFBzbDN&luicode=10000011&lfid=1076036512266446,Tue Aug 25 11:30:03 +0800 2020,#舍不得的回忆该如何珍藏# 我们都擅长相见，却不擅长说再见。和初恋相伴的时光、毕业后奋斗的日子、精心布置的第一个家…有些故事已成过去，但值得永久保存。关注@贝壳找房 ，转发此微博，说出你最难忘的回忆，8月31日@微博抽奖平台 抽3位朋友平分【300元京东卡】。#家的告别式# 贝壳找房的秒拍视频 抽奖详情,116,164,3547,"['我在上大学的时候，跟前任住在重庆的出租房里，房子特别小，很多人合租，条件真的不好，但有我们太多美好的回忆，很多的第一次，所以一点也不觉得差。后来我离开了重庆，回到了我的家乡，正考虑买属于自己的房子，后来我再也不可能住在那样条件的房子里，后来我们已经分手快一年了。今天祝他节日快乐', '#舍不得的回忆该如何珍藏#告别一个家，难舍的是记忆，用心说再见，用VR再相见，片子很泪目，工具也很实用，一个好消息，贝壳VR承诺目前已经在成都上线，大家可以随时回看自己曾经的家了哦~#贝壳成都#', '贝壳找房中山站#舍不得的回忆该如何珍藏#告别一个家，难舍的是记忆，用心说再见，用VR再相见，大家可以随时回看自己曾经的家了哦~', '贝壳找房深圳站#舍不得的回忆该如何珍藏#告别一个家，难舍的是记忆，用心说再见，用VR再相见，大家可以随时回看自己曾经的家了哦~', '贝壳找房天津站#家的告别式# 用心说再见，用VR再相见~（via贝壳找房）', '#家的告别式# 用心说再见，用VR再相见~ 把点滴都收藏，让回忆更温暖！', '#家的告别式# 无论我们离家去向多远的远方，搬过多少次家，每一处记忆都深藏在我们心中。用心说再见，用VR再相见~贝壳武汉站，和你一起找回家的记忆', '#家的告别式# 无论我们离家去向多远的远方，搬过多少次家，每一处记忆都深藏在我们心中。用心说再见，用VR再相见~贝壳VR，和你一起找回家的记忆', '#家的告别式# 用心说再见，用VR再相见~', '#家的告别式# 用心说再见，用VR再相见！贝壳苏州站，和你一起找寻家的记忆！', '#舍不得的回忆该如何珍藏# 读高中奶奶陪读', '#舍不得的回忆该如何珍藏# 青春永驻', '#舍不得的回忆该如何珍藏# 散伙饭', '#家的告别式# 用心说再见，用VR再相见~', '转发微博']"
https://m.weibo.cn/status/JhvvMwmce?mblogid=JhvvMwmce&luicode=10000011&lfid=1076036512266446,Tue Aug 25 08:33:05 +0800 2020,#七夕#今天我不是贝壳，而是“青蛙”。孤寡孤寡孤寡孤寡🐸,11,23,12,"['七夕快乐呀', '你好，你感兴趣的“七夕”已开通了超话社区～ 超话社区是微博旗下兴趣互动社区，快来与志同道合的小伙伴们一起交流互动吧！ 戳我进入>> 七夕', '谐音梗，扣工资', '', '图片评论', '我是布谷鸟 告诉你 不孤不孤', '单身狗赶紧蹭一下#七夕# 的热度', '你可真皮', '你是我的姐妹，你是我的贝贝', '转发微博', '贝壳中山站，孤寡孤寡🐸', '贝壳中山站', '经常接到贝壳找房的骚扰电话，我在哪里可以投诉贝壳找房', '贝壳找房的app太坑人，就看了下信息，自己信息就泄漏了，各种电骚扰，还有没有王法', '贝壳中山站']"
https://m.weibo.cn/status/JhqVupiQn?mblogid=JhqVupiQn&luicode=10000011&lfid=1076036512266446,Mon Aug 24 20:52:41 +0800 2020,恭喜！一起相约大银幕吧！//@黄轩工作室:黄轩 #乌海入围圣塞巴斯蒂安主竞赛##黄轩乌海#恭喜@黄轩的微博 主演电影《乌海》入围第68届圣塞巴斯蒂安电影节主竞赛单元！👏👏👏 //@黄轩的微博:恭喜大家,311,39,122,"['小贝壳也来了👏👏恭喜恭喜', '恭喜你家代言人', '小贝壳包场安排不', '恭喜呀', '约哦！', '约起来', '👏👏👏恭喜优秀的代言人', '优秀', '和小贝壳一起呼唤“金贝壳”', '哈哈哈哈，贝壳功课就是做的好！', '一起期待呀', '恭喜《乌海》，期待轩儿@黄轩的微博', '恭喜', '9.24约起来', '恭喜黄轩🎉 ，期待黄轩']"
https://m.weibo.cn/status/JhprWiUm0?mblogid=JhprWiUm0&luicode=10000011&lfid=1076036512266446,Mon Aug 24 17:07:09 +0800 2020,#家的告别式# 从9平米的小窝搬进了90平米的房子是什么体验？装修费都能买另一套房的家到底长什么样？躺了20年沙发再到睡双人床是什么感受？承载了那么多年的记忆，又为什么要卖掉这个房子呢？戳👇了解背后的故事。 贝壳找房的微博视频,6,0,202,[]
https://m.weibo.cn/status/JheV6CxXZ?mblogid=JheV6CxXZ&luicode=10000011&lfid=1076036512266446,Sun Aug 23 14:18:47 +0800 2020,温暖港湾，胜过万千礼物；做真房源，给你安心承诺。@muguauuu ，送你200元现金津贴！此外，评论本条微博，8.24 抽一位粉丝送200元现金@微博抽奖平台 //@muguauuu:作为北漂，礼物再好也不如温馨的小家带来的温暖。@贝壳找房 房源真实又丰富，要是能再来点优惠，七夕就太快乐了！ 查看图片,16,50,9,[]
https://m.weibo.cn/status/JgWeB1OS7?mblogid=JgWeB1OS7&luicode=10000011&lfid=1076036512266446,Fri Aug 21 14:44:37 +0800 2020,【长沙买房压力小 杭州房价是长沙3倍】安家自由哪家强？根据贝壳找房发布的《2020新一线城市居住报告》，无论租房还是买房，相对于城市人均收入而言，长沙的负担和全国其他城市相比都较低，居住自由指数高达95.7。而杭州、南京，虽然人均收入相对可观，但房价、房租也相对高企。#2020新一线城市居住报告#,5,10,2,['买房到重庆来不香吗，均价没破两万100W买个轻轨三房双卫不好吗']
https://m.weibo.cn/status/JgUs6oQ6c?mblogid=JgUs6oQ6c&luicode=10000011&lfid=1076036512266446,Fri Aug 21 10:12:24 +0800 2020,专业的事交给专业的人！找房交给我们，稳稳的！,3,2,0,[]
https://m.weibo.cn/status/JgLmdbXru?mblogid=JgLmdbXru&luicode=10000011&lfid=1076036512266446,Thu Aug 20 11:03:09 +0800 2020,年薪百万，买房付款怎么选？分期 or 全款？来评论里聊一聊~ 年薪百万的你，买房付款会怎么选择？,78,8,0,['比较关心什么时候能年薪百万']
https://m.weibo.cn/status/JgE5Pd8kW?mblogid=JgE5Pd8kW&luicode=10000011&lfid=1076036512266446,Wed Aug 19 16:33:33 +0800 2020,那些关于家的记忆，就让VR来帮你永久珍藏吧！,5,3,1,"['', '//@贝壳找房:那些关于家的记忆，就让VR来帮你永久珍藏吧！']"
https://m.weibo.cn/status/JgkpD2YpH?mblogid=JgkpD2YpH&luicode=10000011&lfid=1076036512266446,Mon Aug 17 14:27:24 +0800 2020,有种明天就要过上国庆长假的快乐,4,1,0,[]
https://m.weibo.cn/status/Jgjbg7jRL?mblogid=Jgjbg7jRL&luicode=10000011&lfid=1076036512266446,Mon Aug 17 11:19:16 +0800 2020,我一分钟能跳200次,5,7,7,"['梦里吗', '你可别吹了', '→_→//@贝壳找房:我一分钟能跳200次']"
https://m.weibo.cn/status/JfR1PxDyu?mblogid=JfR1PxDyu&luicode=10000011&lfid=1076036512266446,Fri Aug 14 11:39:08 +0800 2020,#贝壳IPO# 建楼盘字典，做真房源，发布安心承诺，做新居住服务平台……19年，我们实现了无数第一次，我们走的不快，因为我们想走的更远。在实现“更美好的居住”这条路上，贝壳找房不会停下脚步。 贝壳找房的微博视频,22,19,12,"['#贝壳IPO# 建楼盘字典，做真房源，发布安心承诺，做新居住服务平台……19年，我们实现了无数第一次，我们走的不快，因为我们想走的更远。在实现“更美好的居住”这条路上，贝壳找房不会停下脚步。', '#贝壳IPO# 建楼盘字典，做真房源，发布安心承诺，做新居住服务平台……19年，我们实现了无数第一次，我们走的不快，因为我们想走的更远。在实现“更美好的居住”这条路上，贝壳找房不会停下脚步。', '#贝壳IPO# 建楼盘字典，做真房源，发布安心承诺，做新居住服务平台……19年，我们实现了无数第一次，我们走的不快，因为我们想走的更远。在实现“更美好的居住”这条路上，贝壳找房不会停下脚步。', '其实上海贝壳也需要宣传呀，总感觉贝壳的新媒体方面没有很好的发挥推广的作用', '国民链家，品质为先！', '', '南昌中环🙋🏻♂️', '👍']"
https://m.weibo.cn/status/JfQmbsF16?mblogid=JfQmbsF16&luicode=10000011&lfid=1076036512266446,Fri Aug 14 09:56:32 +0800 2020,#贝壳IPO# @黄轩的微博 祝福收到啦！贝壳会继续努力，陪伴更多人过上美好的生活。,400,46,15,"['恭喜小🐚！🐂🍻！', '造福千家万户', '恭喜🎉！贝壳厉害了！', '', '恭喜小贝壳👏👏👏', '恭喜恭喜', '红红火火涨涨涨涨涨', '恭喜恭喜', '恭喜', '恭喜恭喜', '祝贺', '恭喜恭喜🎉', '🐚棒棒哒！', '恭喜贝壳！贝壳和代言人都棒棒哒', '好棒！恭喜恭喜🎉']"
https://m.weibo.cn/status/JfMmsakH6?mblogid=JfMmsakH6&luicode=10000011&lfid=1076036512266446,Thu Aug 13 23:46:11 +0800 2020,#贝壳IPO# @中国女排 、@马赛克乐队mosaic 的祝福收到啦！贝壳会继续努力，不负厚望！ 贝壳找房的微博视频,35,9,5,"['', '霞姐在线营业', '老丁', '霞霞', '丁霞啊啊啊啊啊啊啊啊啊啊啊', '有点东西啊小贝壳']"
https://m.weibo.cn/status/JfMeWaS86?mblogid=JfMeWaS86&luicode=10000011&lfid=1076036512266446,Thu Aug 13 23:27:40 +0800 2020,#贝壳IPO# 贝壳找房联合创始人、CEO彭永东致辞表示，做难而正确的事情，是这个组织的DNA。他坚信，对服务者创造价值，为消费者创造价值，贝壳才能有更好的未来。 贝壳找房的微博视频,19,8,8,"['#贝壳IPO# 做难而正确的事情，是这个组织的DNA。', '对服务者创造价值，为消费者创造价值，贝壳才能有更好的未来。', '恭喜噻', '几点才上市？', '#贝壳IPO# 做难而正确的事情，是这个组织的DNA']"
https://m.weibo.cn/status/JfM7GEJzX?mblogid=JfM7GEJzX&luicode=10000011&lfid=1076036512266446,Thu Aug 13 23:09:50 +0800 2020,#贝壳IPO# 贝壳找房创始人兼董事长左晖先生致辞表示，虽然我们每个人都很弱小，但是如果我们在一起的话，我们能创造巨大的价值，我们可动山林。 贝壳找房的微博视频,30,9,6,"['我们能创造巨大的价值，我们可动山林', '#贝壳IPO# 我们可动山林', '作为贝壳经纪人，我很骄傲@贝壳找房 我要贝壳币', '祝福']"
https://m.weibo.cn/status/JfLXiaGsH?mblogid=JfLXiaGsH&luicode=10000011&lfid=1076036512266446,Thu Aug 13 22:44:13 +0800 2020,#贝壳IPO# 【贝壳找房在美纽交所正式挂牌上市，迈入新征程！】2020年8月13日，贝壳找房上市钟响，宣告中国“居住服务平台第一股”正式挂牌交易，证券代码为BEKE。,66,26,14,"['#贝壳IPO#中国“居住服务平台第一股”！未来可期！', '坚持做难而正确的事！一起加油', '一起加油[加油]', '筚路蓝缕，以启山林； 所有过往，皆是序章！ 有尊严的服务者，更美好的居住。 恭喜贝壳上市！@贝壳找房', '大连鼎盛店贝壳-优铭家冉经济送来贺电@贝壳找房', '给贝壳@贝壳找房 打call 未来可期！', '恭喜@贝壳找房 ，创造新的辉煌！', '加油😊', '就是股票太难买了', '徐州夹河街贝壳-德祐送来贺电', '做难而正确的事', '加油💪', '坚持做难而正确的事 贝壳加油！', '“有尊严的服务者、更美好的居住”贝壳人加油💪', '恭喜贝壳🎉加油']"
https://m.weibo.cn/status/JfJsEDrBq?mblogid=JfJsEDrBq&luicode=10000011&lfid=1076036512266446,Thu Aug 13 16:23:15 +0800 2020,#贝壳IPO# 坚持做难而正确的事，时间看得见！——IPO之际贝壳找房CEO彭永东写给贝壳伙伴们的一封信👇 坚持做难而正确的事，时间看得见！IPO之际写给贝壳伙伴的信,53,21,21,"['要不要随机抽个粉丝送套房', '抄收。', '流弊', '做难而正确的事', '贝壳找房能以企业之风解决问题的人在哪里@贝壳找房', '加油💪贝壳找房', '上市了', '好厉害', '仪式是怎么看的？', '与有荣焉[加油][加油][加油]', '1.坚持做难而正确的事👍', '小贝，快，已经敲钟了', '2020.08.13 贝壳找房IPO', '#贝壳IPO# #贝壳，未来可期# 坚持做难而正确的事，时间看得见！——IPO之际贝壳找房CEO彭永东写给贝壳伙伴们的一封信👇@贝壳找房沈阳站']"
https://m.weibo.cn/status/Jfxyvdhf8?mblogid=Jfxyvdhf8&luicode=10000011&lfid=1076036512266446,Wed Aug 12 10:04:41 +0800 2020,#京津冀四川等地局地有大暴雨# 听说今天有暴雨，大家都做好防备了吗 你觉得今天北京的雨会有多大？,16,6,0,"['像极了，带看没带伞的那天', '广州德佑打卡 恭喜你今晚上市', '贝壳几万经纪人评论就一个合肥链家打卡', '，']"
https://m.weibo.cn/status/JfwQpizeS?mblogid=JfwQpizeS&luicode=10000011&lfid=1076036512266446,Wed Aug 12 08:16:03 +0800 2020,@ 在外奋斗的你 加油！总有一盏灯为你而亮，家永远是你的避风港！锁定@贝壳找房 @顾家家居 ，带话题 #家是爱的加油站# 晒出加油手”照片(如海报)，“指”为 ta 加油。[加油] 816全民顾家日，@微博抽奖平台 【抽 5 位】平分【500元 JD卡】，为生活加个油！ 抽奖详情,144,233,10368,"['为生活加个油！', '#家是爱的加油站#', '#家是爱的加油站# 努力加油', '#家是爱的加油站# 在一起幸福', '#家是爱的加油站# 钜惠', '#家是爱的加油站# 加油干吧', '#家是爱的加油站# 冲鸭', '为自由加油冲', '#家是爱的加油站#', '转发微博', '#家是爱的加油站#', '#家是爱的加油站#', '#家是爱的加油站#', '加油！联通5G快人一步，给美好未来更多可能。#家是爱的加油站#为爱加油加油加油', '#家是爱的加油站# 加油，亲爱的~@时光安然_']"
https://m.weibo.cn/status/Jfr1ECLkF?mblogid=Jfr1ECLkF&luicode=10000011&lfid=1076036512266446,Tue Aug 11 17:27:17 +0800 2020,是心动的感觉！和技术大牛做同事的机会到了,3,0,0,[]
https://m.weibo.cn/status/JfoKIlqte?mblogid=JfoKIlqte&luicode=10000011&lfid=1076036512266446,Tue Aug 11 11:40:03 +0800 2020,当你的子女要从事房产经纪行业，你支持吗？南京德佑店东汪金甫回答：“我热爱这个行业，希望他能来接班。”起初，她的儿子窦蒙对房产经纪业持有刻板印象，但贝壳对品质化、技术化和职业化的追求，让他看到了广阔的发展空间。窦蒙希望，在传承这份事业的同时，未来可以超越母亲的成绩。90后看不上房产经纪业？真香！,5,4,1,"['表示可以', '说实话，贝壳确实是个不错的房产公司了，我去过三家房地产公司，唯一觉得值得的地方就是贝壳了，但是我没有坚持下去，还是选择了离开', '在贝壳，压力大。']"
https://m.weibo.cn/status/JfonotIz0?mblogid=JfonotIz0&luicode=10000011&lfid=1076036512266446,Tue Aug 11 10:42:36 +0800 2020,当代年轻人投资行为学，你认同吗？评论区聊一聊~ 这些当代年轻人流行的投资方式，你最看好哪一个？,114,1,0,['看好 比特币']
https://m.weibo.cn/status/Jffl1EZOq?mblogid=Jffl1EZOq&luicode=10000011&lfid=1076036512266446,Mon Aug 10 11:42:03 +0800 2020,打开门拥抱世界，关上门拥抱自己TATA木门818静音日，让我们一起#关上门，和噪音说再见#，尽情感受宅家的幸福，一起#拥抱生活和不美好说再见#。关注@贝壳找房 转评本博，@微博抽奖平台 8月19日抽取一位小伙伴送【智能扫地机器人】一个！ 抽奖详情,172,705,904,"['想拥有', '挺好', '#拥抱生活和不美好说再见#', '#拥抱生活和不美好说再见#', '#拥抱生活和不美好说再见#', '让我们一起#关上门，和噪音说再见#，尽情感受宅家的幸福，一起#拥抱生活和不美好说再见#', '我来啦我来啦我来啦我来啦我来啦！！！', '试试', '让我们一起#关上门，和噪音说再见#！极致养鲜，邂逅生长，和容声冰箱一起#拥抱生活和不美好说再见#。！扫！地！机！器！人~~', '嘿嘿', '', '转发微博', '还是贝壳全啊', '转发微博', '我']"
https://m.weibo.cn/status/JfeSjlRUU?mblogid=JfeSjlRUU&luicode=10000011&lfid=1076036512266446,Mon Aug 10 10:31:18 +0800 2020,无论晴天雨天贝壳陪你每一天,16,6,0,"['话说，你是小哥哥还是小姐姐呢', '快乐就是这么简单', '嗯哼', '越来越骚气了', '辣鸡贝壳！！数据造假，虚假带看！！@贝壳找房 @李文杰 @贝壳彭永东 @315消费者投诉网 @烟台市文化和旅游局 @贝壳找房烟台站 @链家客服']"
https://m.weibo.cn/status/JeN7BcERe?mblogid=JeN7BcERe&luicode=10000011&lfid=1076036512266446,Fri Aug 07 11:52:03 +0800 2020,分类洗 更健康，贝壳与TCL邀你开启健康洗护新生活，关注@贝壳找房 @TCL冰箱洗衣机，转发聊聊你对“分类洗衣”的理解，8月12日@微博抽奖平台 抽2人各送100元现金红包！快来围观#汤晶媚的复式分类洗衣机# 吖~ 抽奖详情,108,190,528,"['特别辣鸡的贝壳找房，带看数据造假忽悠人，联系客服就是能拖延就拖延，不知道这样的骗人系统怎么能发展', '转发微博', '#汤晶媚的复式分类洗衣机# TCL冰箱洗衣机开启健康洗护新理念：分类洗 更健康！[加油]', '#汤晶媚的复式分类洗衣机# 捞一下', '٩(* ఠO ఠ)=3⁼³₌₃⁼³₌₃⁼³₌₃嘟啦嘟啦', '特别好', '内衣外套分开洗', '转发微博', '#汤晶媚的复式分类洗衣机# 守护家庭衣物健康的“小卫士”来了！TCL P10复式分类洗衣机，上下双筒，为爱分区', '#汤晶媚的复式分类洗衣机# 守护家庭衣物健康的“小卫士”来了！TCL P10复式分类洗衣机，上下双筒，为爱分区', '干净，卫生，防掉色，必免染到别的衣服', '分类洗衣衣服不够多 评论配图', '深色和浅色的衣服一定要分开洗', '内衣外衣，深色浅色', '内衣外衣，深色浅色衣服要分开洗']"
https://m.weibo.cn/status/JeEWdEGQp?mblogid=JeEWdEGQp&luicode=10000011&lfid=1076036512266446,Thu Aug 06 15:02:03 +0800 2020,下午茶时间到！来一块么？ （图片via食不言）,10,16,0,"['这个官方真惨', '好...绿', '贝壳数据造假天天忽悠买房客还好意思经常更新微博各种媒体，自己承认带看记录造假还继续忽悠。。。', '德佑海门越亿店店东飘过', '你还是来处理下我这个问题吧！', '', '七月初就举报你们的经纪人，到现在都没处理，贝壳神盾局公众号直接注销了，你们现在走私单不管了吗', '来晚了，给我留了么', '偷漏我的社保、公积金、个税啥时候补给我呀？', '你们是不是应该给店东最起码的尊重@贝壳找房 @左晖', '左老板，您好！您所构建的平台，扶持的门店。难道一个离职员工的恶意投诉，就足以让你们蛮横地逼迫店东脱离贝壳吗？2020，一个如此艰难的年份，你们就是如此粗暴地对待一个创业门店？@贝壳找房 @左晖']"
https://m.weibo.cn/status/JeDjWvAgD?mblogid=JeDjWvAgD&luicode=10000011&lfid=1076036512266446,Thu Aug 06 10:55:00 +0800 2020,前有辽宁一爸爸用黑科技带5岁女儿“穿越”到《我爱我家》，今有@如视VR 小月老师在线带你看原木日式风的房子。 贝壳找房的微博视频,6,4,1,"['小月老师在线带你看', '亲身经历，实名举报，贝壳找房数据造假，辣鸡！！', '七月初就举报你们的经纪人，到现在都没处理，贝壳神盾局公众号直接注销了，你们现在走私单不管了吗', '讲的可以']"
https://m.weibo.cn/status/Jeunprg2t?mblogid=Jeunprg2t&luicode=10000011&lfid=1076036512266446,Wed Aug 05 12:08:48 +0800 2020,家里躺也能变美的小秘密，原来是它！喜临门玻尿酸深补水床垫 #睡出水嫩嘭嘭肌#！关注 @贝壳找房 ，转赞评本条微博，说说你的变美小秘密？ 8月14日，@微博抽奖平台 抽1人，送【价值399元乳胶枕】一个！ 抽奖详情,100,201,329,"['//@贝壳找房:家里躺也能变美的小秘密，原来是它！喜临门玻尿酸深补水床垫 #睡出水嫩嘭嘭肌#！关注 @贝壳找房 ，转赞评本条微博，说说你的变美小秘密？ 8月14日，@微博抽奖平台 抽1人，送【价值399元乳胶枕】一个！', '啾咪', '//@贝壳找房:家里躺也能变美的小秘密，原来是它！喜临门玻尿酸深补水床垫 #睡出水嫩嘭嘭肌#！关注 @贝壳找房 ，转赞评本条微博，说说你的变美小秘密？ 8月14日，@微博抽奖平台 抽1人，送【价值399元乳胶枕】一个！', '//@贝壳找房:家里躺也能变美的小秘密，原来是它！喜临门玻尿酸深补水床垫 #睡出水嫩嘭嘭肌#！关注 @贝壳找房 ，转赞评本条微博，说说你的变美小秘密？ 8月14日，@微博抽奖平台 抽1人，送【价值399元乳胶枕】一个！', '好运//@贝壳找房:家里躺也能变美的小秘密，原来是它！喜临门玻尿酸深补水床垫 #睡出水嫩嘭嘭肌#！关注 @贝壳找房 ，转赞评本条微博，说说你的变美小秘密？ 8月14日，@微博抽奖平台 抽1人，送【价值399元乳胶枕】一个！', '别熬夜//@贝壳找房:家里躺也能变美的小秘密，原来是它！喜临门玻尿酸深补水床垫 #睡出水嫩嘭嘭肌#！关注 @贝壳找房 ，转赞评本条微博，说说你的变美小秘密？ 8月14日，@微博抽奖平台 抽1人，送【价值399元乳胶枕】一个！', '#睡出水嫩嘭嘭肌#好//@贝壳找房:家里躺也能变美的小秘密，原来是它！喜临门玻尿酸深补水床垫 #睡出水嫩嘭嘭肌#！关注 @贝壳找房 ，转赞评本条微博，说说你的变美小秘密？ 8月14日，@微博抽奖平台 抽1人，送【价值399元乳胶枕】一个！', '好//@贝壳找房:家里躺也能变美的小秘密，原来是它！喜临门玻尿酸深补水床垫 #睡出水嫩嘭嘭肌#！关注 @贝壳找房 ，转赞评本条微博，说说你的变美小秘密？ 8月14日，@微博抽奖平台 抽1人，送【价值399元乳胶枕】一个！', '//@贝壳找房:家里躺也能变美的小秘密，原来是它！喜临门玻尿酸深补水床垫 #睡出水嫩嘭嘭肌#！关注 @贝壳找房 ，转赞评本条微博，说说你的变美小秘密？ 8月14日，@微博抽奖平台 抽1人，送【价值399元乳胶枕】一个！', '//@贝壳找房: 家里躺也能变美的小秘密，原来是它！喜临门玻尿酸深补水床垫 #睡出水嫩嘭嘭肌#！关注 @贝壳找房 ，转赞评本条微博，说说你的变美小秘密？ 8月14日，@微博抽奖平台 抽1人，送【价值399元乳胶枕】一个！', '//@贝壳找房:家里躺也能变美的小秘密，原来是它！喜临门玻尿酸深补水床垫 #睡出水嫩嘭嘭肌#！关注 @贝壳找房 ，转赞评本条微博，说说你的变美小秘密？ 8月14日，@微博抽奖平台 抽1人，送【价值399元乳胶枕】一个！', '粉底//@贝壳找房:家里躺也能变美的小秘密，原来是它！喜临门玻尿酸深补水床垫 #睡出水嫩嘭嘭肌#！关注 @贝壳找房 ，转赞评本条微博，说说你的变美小秘密？ 8月14日，@微博抽奖平台 抽1人，送【价值399元乳胶枕】一个！', '来了//@贝壳找房:家里躺也能变美的小秘密，原来是它！喜临门玻尿酸深补水床垫 #睡出水嫩嘭嘭肌#！关注 @贝壳找房 ，转赞评本条微博，说说你的变美小秘密？ 8月14日，@微博抽奖平台 抽1人，送【价值399元乳胶枕】一个！', '//@贝壳找房:家里躺也能变美的小秘密，原来是它！喜临门玻尿酸深补水床垫 #睡出水嫩嘭嘭肌#！关注 @贝壳找房 ，转赞评本条微博，说说你的变美小秘密？ 8月14日，@微博抽奖平台 抽1人，送【价值399元乳胶枕】一个！', '家里躺 睡好床！//@贝壳找房:家里躺也能变美的小秘密，原来是它！喜临门玻尿酸深补水床垫 #睡出水嫩嘭嘭肌#！关注 @贝壳找房 ，转赞评本条微博，说说你的变美小秘密？ 8月14日，@微博抽奖平台 抽1人，送【价值399元乳胶枕】一个！']"
https://m.weibo.cn/status/JenpQoyvX?mblogid=JenpQoyvX&luicode=10000011&lfid=1076036512266446,Tue Aug 04 18:25:35 +0800 2020,#深圳近8成房被外地人买走# 中国哪些城市最“移”居？研究发现，2019年粤港澳大湾区是国内人口流入最多的移民城市群。分城市看，深圳、东莞、厦门的移民指数分别居一线、新一线、二线城市首位。其中，深圳近8成的成交房源被外地客户买走了，表现出强大的人才吸引力。#7城市外省购房者占比超5成#,3,1,2,['七月初就举报你们的经纪人，到现在都没处理，贝壳神盾局公众号直接注销了，你们现在走私单不管了吗']
https://m.weibo.cn/status/JekdHz3Oa?mblogid=JekdHz3Oa&luicode=10000011&lfid=1076036512266446,Tue Aug 04 10:17:26 +0800 2020,最新城市#房价地图# 出炉！7月份同期对比数据发现，房价涨幅在偏热区间及以上的城市为上海、南京、宁波及东莞等；偏冷区间城市为天津、青岛及郑州等。你所在的城市房价有变化吗？👉最新城市房价地图出炉！25个城市、255个区域的真实交易价格都在这了,8,6,4,"['有我们无锡的图么', '', '亲身经历贝壳找房数据造假，虚假宣传！！', '七月初就举报你们的经纪人，到现在都没处理，贝壳神盾局公众号直接注销了，你们现在走私单不管了吗', '宁波新房3万起']"
https://m.weibo.cn/status/Jef50iCVW?mblogid=Jef50iCVW&luicode=10000011&lfid=1076036512266446,Mon Aug 03 21:12:16 +0800 2020,#父亲为弥补儿子亲手改造房间# 每一套房子都有一段特别的故事，寄存着许多深厚的感情,4,1,1,[]
https://m.weibo.cn/status/JecfYFFtp?mblogid=JecfYFFtp&luicode=10000011&lfid=1076036512266446,Mon Aug 03 14:01:04 +0800 2020,每次看App里“房主自荐”所描述的生活画面，都觉得住在这个房子太幸福了,2,4,0,"['举报，违建！拆！！！', '七月初就举报你们的经纪人，到现在都没处理，贝壳神盾局公众号直接注销了，你们现在走私单不管了吗', '你们中介吞押金，据为己有，删微信，中途还骚扰客户，是变态吗，举报也不管，是吗']"
https://m.weibo.cn/status/JeaGCoc6Q?mblogid=JeaGCoc6Q&luicode=10000011&lfid=1076036512266446,Mon Aug 03 10:01:12 +0800 2020,8月第一个工作日，你们那天气怎么样？,10,13,0,"['火热的一天', '大雨滂沱', '和你那一样好', '热', '热', '桑拿天', '我们这里是链家绿贝壳蓝德祐红', '酒仙桥吗', '你们中介吞押金，据为己有，删微信，中途还骚扰客户，是变态吗，举报也不管，是吗']"
https://m.weibo.cn/status/JdWkp9KWi?mblogid=JdWkp9KWi&luicode=10000011&lfid=1076036512266446,Sat Aug 01 21:28:01 +0800 2020,#乐队的夏天# 今晚你又为哪只乐队心动了？有看到和乐队一起上电视的贝壳吗？,3,4,0,"['什么时候出结果吧！！！？？？？', '社会我东哥', '你们中介吞押金，据为己有，删微信，中途还骚扰客户，是变态吗，举报也不管，是吗']"
https://m.weibo.cn/status/JdLoE7srX?mblogid=JdLoE7srX&luicode=10000011&lfid=1076036512266446,Fri Jul 31 17:38:15 +0800 2020,在购房方面，30-40岁年龄段的男女群体有什么不同？根据贝壳找房和@链家 数据，套均总价区间一致的情况下，30-40岁的男性购房套均面积77.3㎡，女性购房的套均面积为74.2㎡。比起大户型大空间，30-40岁姐姐中有41%选择了交通便利、教育资源较丰富的中环以内房屋。此外，房款花费接近的情况下，相较男性，30-40岁女性买到的房屋环境更佳，居住评分更高。,2,3,2,"['果然还是女士们的眼光好！', '你们中介吞押金，据为己有，删微信，中途还骚扰客户，是变态吗，举报也不管，是吗']"
https://m.weibo.cn/status/JdBYbFoIX?mblogid=JdBYbFoIX&luicode=10000011&lfid=1076036512266446,Thu Jul 30 17:38:21 +0800 2020,#官宣帖#你愿意做我的霓虹甜心吗？乐队摇摆一夏天，贝壳找房真又全贝壳找房携手@马赛克乐队mosaic 一起开躁我们还将共同打造超燃单曲Dance一夏来做贝壳和马赛克乐队共同的Darling吧,13,9,1,"['打破僵局', '什么时候出结果啊，报名资料填了无数遍了', '期待', '在哪演出啊？', '哈哈，我也来，乐队接广告不容易', '！！！冲冲冲', '冲冲冲想看', '贝壳旗下德祐的中介带我租的房子，签合同，一没看到房东，贝壳不是要双方面签或者网签吗，他直接代签，也没看房产证。二他签的不是贝壳房子，还说不是公司房源，成交了，不是走私单吗？三不退押金，删我微信，还说勤俭节约，贝壳赚钱就是这么赚的？拿客户的钱不给，这就是你们赚的，姑息员工，多走私单']"
https://m.weibo.cn/status/JdsDEakJx?mblogid=JdsDEakJx&luicode=10000011&lfid=1076036512266446,Wed Jul 29 17:53:01 +0800 2020,不会吧？不会吧？不会真有人猜不到吧？贝壳将与#乐队的夏天#某支神秘乐队深入合作！谜底就在谜面上，猜对有奖！关注@贝壳找房 ，转发评论你猜测的宝藏乐队，明天@微博抽奖平台 抽5个猜对的童鞋送1张爱奇艺VIP年卡！ 抽奖详情,34,165,92,"['花儿乐队。', '大哥，分母来看你了', '快来猜猜是哪个？', '#乐队的夏天#贝壳武汉站陪你一起嗨爆夏天，快来参与转发微博活动，哪5位小可爱有幸被抽中呢？？', '哇，贝壳与乐夏某神秘乐队合作谜底就在谜面上，快来猜一猜，猜对有奖哦⊙∀⊙！', '马赛克乐队', '马赛克！！？', '马赛克乐队！', '马赛克乐队呀', '马赛克乐队', '马赛克乐队', '是马赛克乐队吗', '马赛克', '马赛克乐队！', '马赛克乐队 网页链接']"
https://m.weibo.cn/status/JdqkJuvmU?mblogid=JdqkJuvmU&luicode=10000011&lfid=1076036512266446,Wed Jul 29 12:00:56 +0800 2020,#三十而已# 听说最近江景房很火今天来看看这套6400万的房子，270°景观阳台，三面看江，从地平线看到天际线 贝壳找房的微博视频,5,5,0,"['财富海景花园么', '贝壳旗下德祐的中介带我租的房子，签合同，一没看到房东，贝壳不是要双方面签或者网签吗，他直接代签，也没看房产证。二他签的不是贝壳房子，还说不是公司房源，成交了，不是走私单吗？三不退押金，删我微信，还说勤俭节约，贝壳赚钱就是这么赚的？拿客户的钱不给，这就是你们赚的，姑息员工，多走私单']"
